,FWHM_x,FWHM_y,FWHM_z,x_perr,y_perr,z_perr,Max,x_center,y_center,z_center,bead
0,0.8832793517225762,0.8188634671328152,3.18893482465698,0.0004713778808973115,0.00043700059775972057,0.001701832420960135,21308.0,143,229,152,"[[[ 9.44420834e-05  1.41663125e-04  4.72210417e-04 ... -1.41663125e-04
   -4.24989375e-04  6.61094584e-04]
  [-1.41663125e-04  4.72210417e-05  4.24989375e-04 ...  4.72210417e-04
   -1.41663125e-04  8.49978751e-04]
  [ 0.00000000e+00  1.41663125e-04  2.83326250e-04 ...  3.30547292e-04
    0.00000000e+00  0.00000000e+00]
  ...
  [ 5.66652500e-04  1.03886292e-03  9.44420834e-04 ...  1.88884167e-04
    5.19431459e-04  2.36105208e-04]
  [ 5.66652500e-04  6.61094584e-04  5.19431459e-04 ...  2.36105208e-04
    2.36105208e-04  1.88884167e-04]
  [ 2.36105208e-04 -2.36105208e-04 -2.83326250e-04 ...  1.41663125e-04
   -1.88884167e-04  2.83326250e-04]]

 [[-2.36105208e-04 -9.44420834e-05 -4.72210417e-05 ...  2.36105208e-04
    0.00000000e+00  4.72210417e-04]
  [-1.41663125e-04  0.00000000e+00 -1.41663125e-04 ...  1.88884167e-04
    2.83326250e-04  8.02757709e-04]
  [ 6.61094584e-04  6.61094584e-04  3.77768334e-04 ... -2.36105208e-04
    9.44420834e-05  6.61094584e-04]
  ...
  [-6.61094584e-04 -4.72210417e-05  1.88884167e-04 ...  1.88884167e-04
   -2.83326250e-04  9.44420834e-04]
  [ 5.19431459e-04  6.13873542e-04  5.66652500e-04 ...  3.30547292e-04
   -2.36105208e-04  6.61094584e-04]
  [ 8.49978751e-04  6.61094584e-04  5.66652500e-04 ...  1.41663125e-04
   -5.66652500e-04  1.88884167e-04]]

 [[ 1.41663125e-04  4.24989375e-04  6.61094584e-04 ...  6.61094584e-04
    2.36105208e-04  5.19431459e-04]
  [-1.88884167e-04  1.88884167e-04  4.24989375e-04 ...  5.19431459e-04
    2.36105208e-04  2.83326250e-04]
  [-2.83326250e-04  1.41663125e-04  2.83326250e-04 ...  3.77768334e-04
    2.36105208e-04 -4.72210417e-05]
  ...
  [ 3.30547292e-04  9.44420834e-05  3.77768334e-04 ...  2.36105208e-04
   -1.88884167e-04 -3.30547292e-04]
  [ 1.41663125e-04 -4.72210417e-05  1.88884167e-04 ...  6.13873542e-04
   -9.44420834e-05 -2.36105208e-04]
  [-3.77768334e-04  1.88884167e-04  3.77768334e-04 ...  1.88884167e-04
   -4.72210417e-05  0.00000000e+00]]

 ...

 [[ 1.22774708e-03  4.72210417e-05 -5.19431459e-04 ...  5.19431459e-04
    6.13873542e-04  9.44420834e-05]
  [ 8.49978751e-04  9.44420834e-05 -2.83326250e-04 ...  4.72210417e-04
    3.30547292e-04  2.36105208e-04]
  [-3.30547292e-04  9.44420834e-05  3.77768334e-04 ...  4.72210417e-05
   -1.41663125e-04  1.88884167e-04]
  ...
  [-4.72210417e-05  4.24989375e-04  5.19431459e-04 ...  2.83326250e-04
   -3.30547292e-04  9.44420834e-05]
  [-1.88884167e-04 -4.72210417e-05  2.83326250e-04 ... -6.13873542e-04
   -8.02757709e-04 -1.41663125e-04]
  [ 4.24989375e-04  1.41663125e-04  9.44420834e-05 ... -8.02757709e-04
   -5.66652500e-04  1.88884167e-04]]

 [[-5.19431459e-04 -6.61094584e-04 -3.30547292e-04 ...  0.00000000e+00
   -4.24989375e-04 -1.03886292e-03]
  [-4.72210417e-05 -4.24989375e-04 -5.19431459e-04 ...  4.72210417e-05
    5.66652500e-04  3.77768334e-04]
  [ 9.44420834e-05 -2.83326250e-04 -4.72210417e-04 ...  2.83326250e-04
    8.49978751e-04  4.72210417e-04]
  ...
  [ 2.36105208e-04  2.36105208e-04  1.41663125e-04 ... -2.83326250e-04
   -1.88884167e-04 -6.13873542e-04]
  [ 1.88884167e-04  1.88884167e-04  1.88884167e-04 ... -9.44420834e-05
   -1.41663125e-04 -6.61094584e-04]
  [-3.77768334e-04 -9.44420834e-05  1.88884167e-04 ...  5.66652500e-04
    4.72210417e-05 -5.19431459e-04]]

 [[ 9.44420834e-05 -4.72210417e-05 -9.44420834e-05 ...  3.77768334e-04
   -4.24989375e-04 -1.41663125e-04]
  [-5.66652500e-04 -8.02757709e-04 -5.66652500e-04 ... -1.88884167e-04
   -8.49978751e-04 -5.66652500e-04]
  [ 2.83326250e-04  3.77768334e-04  3.30547292e-04 ...  1.88884167e-04
   -4.72210417e-05 -4.24989375e-04]
  ...
  [ 7.55536667e-04  3.30547292e-04  3.30547292e-04 ...  6.61094584e-04
    1.88884167e-04 -7.55536667e-04]
  [ 1.41663125e-04  9.44420834e-05  9.44420834e-05 ...  4.72210417e-04
    9.44420834e-05 -3.77768334e-04]
  [ 1.88884167e-04 -1.88884167e-04 -5.19431459e-04 ...  4.72210417e-04
    1.88884167e-04 -9.44420834e-05]]]"
1,0.9161710202175918,0.8446288672005987,2.768609584129869,0.0006158517268839428,0.0005677619351431471,0.0018610640492083216,21403.0,212,213,92,"[[[-1.09974706e-04 -5.05883647e-04 -5.49873529e-04 ...  1.97954470e-04
    6.37853294e-04  7.25833058e-04]
  [-1.09974706e-04 -4.61893764e-04 -4.17903882e-04 ... -1.53964588e-04
    3.73914000e-04  8.13812823e-04]
  [ 2.19949412e-05 -2.19949412e-05  3.29924117e-04 ...  5.93863411e-04
    4.17903882e-04  2.85934235e-04]
  ...
  [ 1.07775212e-03  7.25833058e-04  3.29924117e-04 ... -1.53964588e-04
    5.93863411e-04  1.97954470e-04]
  [ 5.93863411e-04  7.25833058e-04  1.12174200e-03 ...  1.97954470e-04
    4.17903882e-04  4.17903882e-04]
  [ 1.97954470e-04  6.37853294e-04  1.51765094e-03 ...  1.97954470e-04
    1.09974706e-04  4.61893764e-04]]

 [[ 6.59848235e-05  2.85934235e-04  7.69822941e-04 ... -5.05883647e-04
   -6.59848235e-05  3.29924117e-04]
  [ 1.53964588e-04  2.85934235e-04  8.13812823e-04 ... -6.81843176e-04
   -2.85934235e-04  1.09974706e-04]
  [ 6.59848235e-05  2.41944353e-04  8.57802705e-04 ... -4.61893764e-04
   -2.41944353e-04  6.59848235e-05]
  ...
  [ 2.85934235e-04  7.69822941e-04  1.38568129e-03 ...  1.97954470e-04
    1.09974706e-04  1.09974706e-04]
  [ 9.45782470e-04  1.60563070e-03  1.78159023e-03 ...  6.37853294e-04
    4.61893764e-04  5.05883647e-04]
  [ 4.17903882e-04  1.07775212e-03  1.86957000e-03 ...  5.49873529e-04
    1.97954470e-04  1.53964588e-04]]

 [[-4.17903882e-04 -1.53964588e-04  3.29924117e-04 ... -1.09974706e-04
    7.69822941e-04  1.53964588e-04]
  [-3.73914000e-04 -2.41944353e-04  6.59848235e-05 ... -1.53964588e-04
    5.49873529e-04 -2.19949412e-05]
  [-1.09974706e-04 -2.85934235e-04 -4.17903882e-04 ...  2.19949412e-05
    3.29924117e-04  6.59848235e-05]
  ...
  [ 9.45782470e-04  9.45782470e-04  7.69822941e-04 ...  1.09974706e-04
    5.93863411e-04  4.17903882e-04]
  [ 1.07775212e-03  1.20972176e-03  1.07775212e-03 ... -6.81843176e-04
   -6.59848235e-05  1.09974706e-04]
  [ 1.29770153e-03  1.29770153e-03  8.57802705e-04 ... -2.41944353e-04
    1.97954470e-04  5.05883647e-04]]

 ...

 [[ 1.97954470e-04  1.97954470e-04  1.53964588e-04 ...  1.36148686e-02
    9.56779941e-03  6.84042670e-03]
  [ 3.73914000e-04  3.73914000e-04  1.97954470e-04 ...  1.04036072e-02
    6.48850764e-03  4.94886176e-03]
  [ 5.05883647e-04  5.05883647e-04  4.17903882e-04 ...  6.00461894e-03
    4.15704388e-03  4.20103376e-03]
  ...
  [ 2.85934235e-04  1.97954470e-04  2.85934235e-04 ...  4.17903882e-04
    2.85934235e-04  6.59848235e-05]
  [ 7.69822941e-04  3.73914000e-04 -3.29924117e-04 ...  3.73914000e-04
    1.97954470e-04 -4.17903882e-04]
  [ 3.73914000e-04  2.85934235e-04 -6.59848235e-05 ... -2.41944353e-04
   -2.85934235e-04 -4.61893764e-04]]

 [[ 1.97954470e-04  2.41944353e-04  6.59848235e-05 ...  1.35268888e-02
    1.22951721e-02  7.10436600e-03]
  [ 1.09974706e-04  6.59848235e-05  2.19949412e-05 ...  7.32431541e-03
    5.82865941e-03  5.21280106e-03]
  [-1.09974706e-04 -6.59848235e-05 -2.19949412e-05 ...  4.46497306e-03
    3.49719565e-03  3.05729682e-03]
  ...
  [ 4.17903882e-04  2.41944353e-04  1.09974706e-04 ...  4.61893764e-04
    4.61893764e-04 -6.59848235e-05]
  [ 2.85934235e-04  6.59848235e-05  2.19949412e-05 ... -2.85934235e-04
    6.59848235e-05 -5.05883647e-04]
  [-1.53964588e-04 -1.53964588e-04 -1.09974706e-04 ... -9.45782470e-04
   -1.09974706e-04 -1.53964588e-04]]

 [[ 1.09974706e-04 -2.19949412e-05  2.41944353e-04 ...  1.13713846e-02
    1.02276476e-02  7.36830529e-03]
  [-2.41944353e-04 -2.85934235e-04 -6.59848235e-05 ...  7.80820411e-03
    4.99285164e-03  5.34477070e-03]
  [ 1.97954470e-04  4.17903882e-04  8.57802705e-04 ...  5.25679094e-03
    5.38876059e-03  4.15704388e-03]
  ...
  [ 2.19949412e-05 -1.97954470e-04 -1.97954470e-04 ...  5.49873529e-04
    5.05883647e-04  6.37853294e-04]
  [-1.97954470e-04 -2.85934235e-04 -1.09974706e-04 ...  1.97954470e-04
    3.73914000e-04  5.05883647e-04]
  [-2.41944353e-04 -2.41944353e-04 -6.59848235e-05 ... -2.41944353e-04
    6.59848235e-05  1.09974706e-04]]]"
2,0.9525329982351683,0.8688524680045561,2.8284649044876087,0.000842579335507023,0.0007685584644943371,0.002501966913944854,19101.0,126,107,113,"[[[ 9.73188653e-05  4.86594326e-05 -1.45978298e-04 ... -2.43297163e-04
   -4.37934894e-04 -6.81232057e-04]
  [ 9.73188653e-05 -9.73188653e-05 -1.94637731e-04 ... -2.91956596e-04
   -5.35253759e-04 -5.35253759e-04]
  [-5.83913192e-04 -6.32572624e-04 -4.86594326e-04 ... -6.32572624e-04
   -1.16782638e-03 -7.29891489e-04]
  ...
  [ 1.16782638e-03  2.43297163e-04 -4.37934894e-04 ...  4.86594326e-05
   -1.07050752e-03 -9.24529220e-04]
  [ 6.32572624e-04  2.43297163e-04 -2.43297163e-04 ...  9.73188653e-05
   -6.81232057e-04 -5.35253759e-04]
  [ 2.91956596e-04  2.43297163e-04  4.86594326e-05 ...  1.94637731e-04
   -2.43297163e-04 -2.91956596e-04]]

 [[-1.45978298e-04 -7.29891489e-04 -8.75869787e-04 ... -4.37934894e-04
   -6.81232057e-04 -9.73188653e-05]
  [-3.89275461e-04 -6.32572624e-04 -6.32572624e-04 ... -2.43297163e-04
   -5.83913192e-04 -3.89275461e-04]
  [-4.86594326e-04 -4.37934894e-04 -3.89275461e-04 ... -1.45978298e-04
   -5.35253759e-04 -4.86594326e-04]
  ...
  [-1.45978298e-04 -2.91956596e-04 -9.73188653e-05 ...  0.00000000e+00
   -4.37934894e-04 -8.75869787e-04]
  [-1.94637731e-04 -3.40616028e-04 -3.89275461e-04 ... -6.32572624e-04
   -1.16782638e-03 -8.27210355e-04]
  [ 1.45978298e-04 -2.43297163e-04 -3.40616028e-04 ...  4.37934894e-04
   -1.94637731e-04 -3.40616028e-04]]

 [[-5.83913192e-04 -4.86594326e-04 -3.89275461e-04 ... -4.86594326e-04
   -1.94637731e-04 -3.89275461e-04]
  [ 9.73188653e-05 -2.91956596e-04 -6.32572624e-04 ...  0.00000000e+00
    3.40616028e-04 -5.83913192e-04]
  [-6.32572624e-04 -4.86594326e-04 -4.37934894e-04 ... -4.86594326e-05
    3.40616028e-04 -6.32572624e-04]
  ...
  [-2.43297163e-04  4.86594326e-04  7.78550922e-04 ...  9.73188653e-05
   -3.40616028e-04 -3.89275461e-04]
  [ 9.73188653e-05  6.81232057e-04  8.27210355e-04 ... -4.37934894e-04
   -4.37934894e-04 -4.37934894e-04]
  [ 4.86594326e-04  6.81232057e-04  6.81232057e-04 ... -5.83913192e-04
   -4.37934894e-04 -2.91956596e-04]]

 ...

 [[-2.43297163e-04 -3.40616028e-04 -2.43297163e-04 ... -5.83913192e-04
   -1.16782638e-03 -8.27210355e-04]
  [-1.94637731e-04 -2.91956596e-04 -2.43297163e-04 ...  0.00000000e+00
   -5.35253759e-04 -4.37934894e-04]
  [-2.91956596e-04 -1.45978298e-04 -4.86594326e-05 ...  9.73188653e-05
   -1.94637731e-04 -5.35253759e-04]
  ...
  [ 3.40616028e-04 -1.45978298e-04 -2.91956596e-04 ... -1.45978298e-04
   -2.43297163e-04 -5.83913192e-04]
  [-3.89275461e-04 -4.86594326e-04 -2.43297163e-04 ... -3.89275461e-04
   -2.43297163e-04 -7.78550922e-04]
  [-1.94637731e-04 -7.29891489e-04 -5.35253759e-04 ... -5.35253759e-04
   -9.73188653e-04 -1.02184809e-03]]

 [[-1.11916695e-03 -1.16782638e-03 -8.27210355e-04 ... -2.91956596e-04
   -7.78550922e-04  2.43297163e-04]
  [-1.60576128e-03 -1.21648582e-03 -6.32572624e-04 ...  3.89275461e-04
   -2.43297163e-04 -1.94637731e-04]
  [-1.16782638e-03 -6.81232057e-04 -3.89275461e-04 ...  3.89275461e-04
    2.91956596e-04  9.73188653e-05]
  ...
  [-8.75869787e-04 -6.81232057e-04 -6.81232057e-04 ... -6.32572624e-04
   -5.83913192e-04 -1.16782638e-03]
  [-7.78550922e-04 -8.75869787e-04 -8.27210355e-04 ... -6.32572624e-04
   -5.83913192e-04 -7.78550922e-04]
  [-7.78550922e-04 -1.02184809e-03 -1.02184809e-03 ... -5.35253759e-04
   -4.86594326e-04 -3.89275461e-04]]

 [[-4.37934894e-04 -9.24529220e-04 -1.02184809e-03 ...  1.45978298e-04
   -5.35253759e-04  2.43297163e-04]
  [-3.89275461e-04 -8.27210355e-04 -9.24529220e-04 ... -2.43297163e-04
   -6.81232057e-04  5.35253759e-04]
  [-5.35253759e-04 -1.45978298e-04 -1.45978298e-04 ... -1.16782638e-03
   -1.11916695e-03 -2.91956596e-04]
  ...
  [-7.29891489e-04 -2.91956596e-04 -3.89275461e-04 ...  1.94637731e-04
   -7.29891489e-04 -3.40616028e-04]
  [-8.27210355e-04 -4.37934894e-04 -1.45978298e-04 ... -4.37934894e-04
   -6.32572624e-04 -5.35253759e-04]
  [-6.81232057e-04 -4.37934894e-04 -2.91956596e-04 ... -1.94637731e-04
    3.89275461e-04 -9.73188653e-05]]]"
3,0.8866872211976152,0.8077050017627974,3.0991295523557345,0.0008000008888155801,0.0007287450022621645,0.002796144656307412,16230.0,235,86,187,"[[[ 1.57002303e-04 -3.66338706e-04 -2.61670505e-04 ...  3.66338706e-04
    2.09336404e-04  6.28009211e-04]
  [-6.28009211e-04 -3.14004605e-04  0.00000000e+00 ...  2.09336404e-04
    4.71006908e-04  1.04668202e-03]
  [-2.61670505e-04  5.23341009e-04  6.80343312e-04 ...  3.66338706e-04
    4.18672807e-04  1.15135022e-03]
  ...
  [ 1.57002303e-04  2.09336404e-04  2.61670505e-04 ...  1.36068662e-03
    1.36068662e-03  9.94347917e-04]
  [ 0.00000000e+00  1.04668202e-04  4.18672807e-04 ...  8.89679715e-04
    8.89679715e-04  5.23341009e-05]
  [-5.23341009e-05  5.23341009e-05  3.14004605e-04 ...  2.09336404e-04
    2.61670505e-04 -2.09336404e-04]]

 [[-3.14004605e-04 -3.14004605e-04 -4.71006908e-04 ...  4.18672807e-04
    9.42013816e-04  1.20368432e-03]
  [-3.66338706e-04 -2.09336404e-04 -2.09336404e-04 ...  4.71006908e-04
    7.32677413e-04  5.75675110e-04]
  [-6.28009211e-04 -5.23341009e-05  2.61670505e-04 ...  7.85011514e-04
    5.75675110e-04  2.09336404e-04]
  ...
  [-1.04668202e-04 -5.23341009e-05  1.04668202e-04 ...  6.80343312e-04
    6.80343312e-04  9.94347917e-04]
  [ 5.75675110e-04  4.71006908e-04  6.80343312e-04 ...  0.00000000e+00
    1.04668202e-04  3.66338706e-04]
  [-5.23341009e-05  2.09336404e-04  4.71006908e-04 ... -5.23341009e-05
   -1.04668202e-04  6.80343312e-04]]

 [[ 1.04668202e-04  0.00000000e+00 -2.61670505e-04 ...  1.57002303e-04
   -5.23341009e-05  9.42013816e-04]
  [ 0.00000000e+00 -2.61670505e-04 -4.71006908e-04 ...  3.66338706e-04
    1.57002303e-04  8.37345614e-04]
  [-1.57002303e-04 -4.71006908e-04 -6.28009211e-04 ...  7.32677413e-04
    4.18672807e-04  8.89679715e-04]
  ...
  [ 1.57002303e-04  5.23341009e-05  5.23341009e-05 ...  4.18672807e-04
    3.66338706e-04  3.14004605e-04]
  [-3.14004605e-04 -5.23341009e-05  1.57002303e-04 ...  3.66338706e-04
    4.18672807e-04  0.00000000e+00]
  [ 2.09336404e-04  2.61670505e-04  2.61670505e-04 ...  0.00000000e+00
    2.09336404e-04  4.18672807e-04]]

 ...

 [[-6.28009211e-04 -5.23341009e-05  1.57002303e-04 ...  6.28009211e-04
    7.85011514e-04  1.09901612e-03]
  [-3.66338706e-04 -2.61670505e-04  0.00000000e+00 ...  6.28009211e-04
    5.23341009e-04  3.14004605e-04]
  [ 1.57002303e-04 -1.57002303e-04 -1.04668202e-04 ...  5.23341009e-04
    1.57002303e-04 -2.09336404e-04]
  ...
  [ 4.71006908e-04 -1.04668202e-04 -3.66338706e-04 ... -1.57002303e-04
    3.14004605e-04  1.04668202e-04]
  [ 6.28009211e-04  1.57002303e-04  0.00000000e+00 ...  1.57002303e-04
    2.61670505e-04  1.57002303e-04]
  [-2.09336404e-04  2.61670505e-04  4.18672807e-04 ...  4.18672807e-04
    7.32677413e-04  9.94347917e-04]]

 [[ 5.23341009e-04  6.28009211e-04  5.23341009e-04 ...  6.80343312e-04
    6.80343312e-04 -4.71006908e-04]
  [ 3.14004605e-04  8.37345614e-04  7.85011514e-04 ...  3.66338706e-04
    6.28009211e-04 -1.04668202e-04]
  [-1.04668202e-04  6.80343312e-04  7.85011514e-04 ...  2.61670505e-04
    3.66338706e-04  1.57002303e-04]
  ...
  [ 3.66338706e-04  5.23341009e-04  4.71006908e-04 ...  5.23341009e-05
    0.00000000e+00 -1.04668202e-04]
  [ 2.09336404e-04  3.66338706e-04  3.66338706e-04 ...  2.61670505e-04
    1.04668202e-04 -2.09336404e-04]
  [-5.75675110e-04  3.14004605e-04  5.75675110e-04 ...  3.66338706e-04
    4.71006908e-04  0.00000000e+00]]

 [[-5.23341009e-05  3.66338706e-04  2.61670505e-04 ...  5.23341009e-05
   -5.23341009e-05  5.23341009e-05]
  [ 2.09336404e-04  4.18672807e-04  4.18672807e-04 ...  2.61670505e-04
   -1.04668202e-04 -5.23341009e-04]
  [-2.61670505e-04  1.57002303e-04  3.14004605e-04 ...  1.04668202e-03
    1.25601842e-03  5.75675110e-04]
  ...
  [ 5.23341009e-05  3.66338706e-04  7.32677413e-04 ...  2.09336404e-04
    5.75675110e-04  3.14004605e-04]
  [ 5.23341009e-05  1.57002303e-04  1.57002303e-04 ...  5.23341009e-05
    0.00000000e+00 -2.09336404e-04]
  [ 5.23341009e-05  1.04668202e-04  1.04668202e-04 ... -5.23341009e-05
   -3.66338706e-04 -1.57002303e-04]]]"
4,1.0376622576998933,0.9148714666169212,3.081688591307833,0.0010457933943711854,0.0009220403685638168,0.0031058367462664374,15839.0,99,219,99,"[[[ 2.47954376e-04  8.67840317e-04  1.11579469e-03 ...  1.23977188e-04
   -2.47954376e-04  4.33920159e-04]
  [ 1.85965782e-04  6.81874535e-04  8.05851723e-04 ...  3.09942970e-04
   -1.85965782e-04  6.19885941e-04]
  [-6.19885941e-05  5.57897347e-04  5.57897347e-04 ...  6.81874535e-04
    3.09942970e-04  1.23977188e-04]
  ...
  [ 6.19885941e-04  8.67840317e-04  6.81874535e-04 ...  4.33920159e-04
    3.09942970e-04 -4.33920159e-04]
  [ 0.00000000e+00  4.95908753e-04  1.05380610e-03 ... -1.23977188e-04
   -6.19885941e-05 -6.19885941e-04]
  [ 2.47954376e-04  7.43863129e-04  1.30176048e-03 ... -6.19885941e-05
   -3.71931565e-04 -1.23977188e-04]]

 [[ 0.00000000e+00  5.57897347e-04  4.95908753e-04 ... -4.33920159e-04
    1.23977188e-04  5.57897347e-04]
  [ 3.09942970e-04  1.23977188e-04  1.23977188e-04 ... -8.05851723e-04
   -6.81874535e-04 -4.95908753e-04]
  [ 2.47954376e-04 -2.47954376e-04 -1.23977188e-04 ... -9.91817506e-04
   -8.05851723e-04 -7.43863129e-04]
  ...
  [ 7.43863129e-04  7.43863129e-04  8.05851723e-04 ... -6.19885941e-04
   -1.85965782e-04  3.71931565e-04]
  [ 1.23977188e-04  2.47954376e-04  5.57897347e-04 ... -3.09942970e-04
    1.23977188e-04  2.47954376e-04]
  [ 6.19885941e-05 -6.19885941e-05  2.47954376e-04 ... -4.95908753e-04
    0.00000000e+00  3.09942970e-04]]

 [[ 5.57897347e-04  6.81874535e-04  8.67840317e-04 ...  6.19885941e-05
    3.71931565e-04  7.43863129e-04]
  [-4.33920159e-04  4.33920159e-04  1.11579469e-03 ...  1.85965782e-04
    8.67840317e-04 -2.47954376e-04]
  [-2.47954376e-04  7.43863129e-04  1.42573766e-03 ...  2.47954376e-04
    8.05851723e-04 -4.33920159e-04]
  ...
  [ 1.36374907e-03  1.11579469e-03  6.19885941e-04 ...  1.85965782e-04
   -6.19885941e-05 -6.19885941e-05]
  [ 1.48772626e-03  9.91817506e-04  3.09942970e-04 ...  1.85965782e-04
    4.33920159e-04  2.47954376e-04]
  [ 1.54971485e-03  9.91817506e-04  4.33920159e-04 ...  1.23977188e-04
    6.81874535e-04  6.19885941e-04]]

 ...

 [[ 0.00000000e+00 -1.23977188e-04 -3.71931565e-04 ...  2.47954376e-04
   -2.47954376e-04 -1.23977188e-04]
  [ 6.19885941e-04  8.05851723e-04  7.43863129e-04 ... -4.95908753e-04
   -3.09942970e-04 -4.33920159e-04]
  [ 1.30176048e-03  1.30176048e-03  1.23977188e-03 ... -2.47954376e-04
    6.81874535e-04  0.00000000e+00]
  ...
  [-4.95908753e-04 -2.47954376e-04  0.00000000e+00 ... -1.85965782e-04
   -9.91817506e-04 -7.43863129e-04]
  [-6.19885941e-05 -3.71931565e-04 -6.81874535e-04 ... -6.19885941e-04
   -8.05851723e-04 -2.47954376e-04]
  [ 6.81874535e-04 -3.09942970e-04 -1.30176048e-03 ... -9.91817506e-04
    6.19885941e-05  3.71931565e-04]]

 [[ 1.17778329e-03  1.23977188e-03  7.43863129e-04 ... -1.23977188e-04
   -7.43863129e-04  2.47954376e-04]
  [ 2.10761220e-03  1.79766923e-03  8.05851723e-04 ... -8.05851723e-04
   -1.05380610e-03  1.36374907e-03]
  [ 1.17778329e-03  1.48772626e-03  1.17778329e-03 ... -3.09942970e-04
   -1.48772626e-03  6.81874535e-04]
  ...
  [ 8.05851723e-04  4.95908753e-04  0.00000000e+00 ... -7.43863129e-04
   -1.36374907e-03 -1.23977188e-04]
  [-1.23977188e-04 -6.19885941e-05 -3.09942970e-04 ... -3.71931565e-04
   -8.67840317e-04  1.85965782e-04]
  [-4.95908753e-04 -4.33920159e-04 -6.81874535e-04 ...  0.00000000e+00
   -3.71931565e-04  5.57897347e-04]]

 [[ 1.23977188e-04 -6.19885941e-05 -6.19885941e-05 ... -6.81874535e-04
    8.05851723e-04  1.36374907e-03]
  [ 4.95908753e-04  2.47954376e-04  6.19885941e-05 ... -6.81874535e-04
    4.95908753e-04  7.43863129e-04]
  [ 1.67369204e-03  1.05380610e-03  3.71931565e-04 ...  3.09942970e-04
    4.95908753e-04 -3.09942970e-04]
  ...
  [ 0.00000000e+00 -2.47954376e-04 -3.09942970e-04 ...  6.19885941e-05
    6.81874535e-04  4.95908753e-04]
  [ 8.05851723e-04  2.47954376e-04 -2.47954376e-04 ... -9.29828911e-04
   -4.33920159e-04 -6.19885941e-05]
  [ 1.23977188e-04  6.19885941e-05  6.19885941e-05 ... -3.09942970e-04
   -7.43863129e-04 -2.47954376e-04]]]"
5,0.9998936793349622,0.8246201270390728,3.0252687758413512,0.0007055932625430057,0.0005819067961446035,0.0021348362480658935,15609.0,199,87,176,"[[[ 9.44584383e-04  1.32241814e-03  5.03778338e-04 ... -2.64483627e-03
   -2.01511335e-03 -1.32241814e-03]
  [ 3.14861461e-04  6.92695214e-04  6.29722922e-05 ... -2.51889169e-03
   -1.63727960e-03 -1.13350126e-03]
  [-2.51889169e-04  6.29722922e-05 -3.77833753e-04 ... -2.32997481e-03
   -1.70025189e-03 -1.38539043e-03]
  ...
  [-1.00755668e-03 -6.29722922e-05 -8.18639798e-04 ... -6.92695214e-04
   -2.51889169e-04 -1.25944584e-04]
  [-1.13350126e-03 -6.29722922e-04 -6.29722922e-04 ... -6.29722922e-04
   -6.29722922e-04 -6.29722922e-04]
  [-8.18639798e-04 -2.51889169e-04 -4.40806045e-04 ... -4.40806045e-04
   -6.29722922e-04 -8.81612091e-04]]

 [[-3.14861461e-04 -5.66750630e-04 -6.92695214e-04 ... -1.00755668e-03
   -5.66750630e-04 -8.18639798e-04]
  [ 3.77833753e-04  1.88916877e-04 -1.00755668e-03 ... -1.57430730e-03
   -5.03778338e-04 -1.88916877e-04]
  [ 0.00000000e+00 -4.40806045e-04 -9.44584383e-04 ... -1.63727960e-03
   -1.07052897e-03 -6.29722922e-04]
  ...
  [-6.29722922e-04 -3.77833753e-04 -8.81612091e-04 ... -4.40806045e-04
    6.29722922e-04  1.88916877e-04]
  [-6.29722922e-04 -4.40806045e-04 -8.18639798e-04 ... -8.18639798e-04
    1.25944584e-04 -6.29722922e-05]
  [-1.00755668e-03 -1.00755668e-03 -3.14861461e-04 ... -1.07052897e-03
   -8.18639798e-04 -3.77833753e-04]]

 [[ 2.51889169e-04  1.88916877e-04 -8.18639798e-04 ... -1.25944584e-03
   -8.18639798e-04 -7.55667506e-04]
  [ 4.40806045e-04  4.40806045e-04 -5.03778338e-04 ... -1.13350126e-03
   -6.29722922e-04 -5.03778338e-04]
  [ 6.29722922e-05 -7.55667506e-04 -9.44584383e-04 ... -1.07052897e-03
   -1.88916877e-03 -1.32241814e-03]
  ...
  [-1.13350126e-03 -5.66750630e-04  3.77833753e-04 ... -9.44584383e-04
   -6.29722922e-04 -8.81612091e-04]
  [-1.07052897e-03 -7.55667506e-04 -1.88916877e-04 ... -6.92695214e-04
    6.29722922e-05 -5.03778338e-04]
  [-1.07052897e-03 -1.13350126e-03 -8.18639798e-04 ... -5.66750630e-04
    6.29722922e-05 -5.03778338e-04]]

 ...

 [[-3.77833753e-04 -2.51889169e-04 -3.77833753e-04 ... -1.88916877e-04
   -1.13350126e-03 -1.00755668e-03]
  [-8.81612091e-04 -1.32241814e-03  6.29722922e-05 ... -6.29722922e-04
    1.25944584e-04 -1.88916877e-04]
  [-7.55667506e-04 -1.25944584e-03 -6.29722922e-05 ... -1.07052897e-03
   -5.03778338e-04 -5.03778338e-04]
  ...
  [-9.44584383e-04 -9.44584383e-04 -7.55667506e-04 ... -1.00755668e-03
   -1.00755668e-03 -7.55667506e-04]
  [-1.07052897e-03 -1.13350126e-03 -5.03778338e-04 ... -1.13350126e-03
   -1.00755668e-03 -9.44584383e-04]
  [-9.44584383e-04 -1.38539043e-03 -3.77833753e-04 ... -9.44584383e-04
   -9.44584383e-04 -1.07052897e-03]]

 [[-5.66750630e-04 -2.51889169e-04 -6.29722922e-05 ... -6.29722922e-04
   -1.07052897e-03 -1.51133501e-03]
  [-7.55667506e-04 -5.66750630e-04  3.14861461e-04 ... -5.66750630e-04
   -6.29722922e-04 -8.81612091e-04]
  [-1.07052897e-03 -1.00755668e-03  0.00000000e+00 ... -3.77833753e-04
   -6.29722922e-04 -5.03778338e-04]
  ...
  [-3.77833753e-04 -2.51889169e-04  6.29722922e-05 ...  0.00000000e+00
   -2.51889169e-04 -6.29722922e-04]
  [-1.00755668e-03 -5.66750630e-04 -5.03778338e-04 ... -5.03778338e-04
   -5.66750630e-04 -1.00755668e-03]
  [-1.07052897e-03 -7.55667506e-04 -6.92695214e-04 ... -1.25944584e-03
   -9.44584383e-04 -1.19647355e-03]]

 [[-9.44584383e-04 -1.00755668e-03 -1.44836272e-03 ... -1.19647355e-03
   -1.25944584e-03 -1.19647355e-03]
  [-1.38539043e-03 -1.25944584e-03 -9.44584383e-04 ... -6.92695214e-04
   -8.18639798e-04 -9.44584383e-04]
  [-1.70025189e-03 -1.44836272e-03 -6.92695214e-04 ... -9.44584383e-04
   -7.55667506e-04 -7.55667506e-04]
  ...
  [-6.92695214e-04 -1.32241814e-03 -3.14861461e-04 ... -1.00755668e-03
   -1.13350126e-03 -1.19647355e-03]
  [-1.00755668e-03 -1.63727960e-03 -2.51889169e-04 ... -9.44584383e-04
   -1.44836272e-03 -1.13350126e-03]
  [-8.81612091e-04 -1.51133501e-03 -8.81612091e-04 ... -1.44836272e-03
   -1.07052897e-03 -9.44584383e-04]]]"
6,0.8962409113566148,0.830064304253767,2.982768836739916,0.00044249068168055166,0.000409816717581362,0.0014726477776133046,13876.0,199,179,116,"[[[-6.49683707e-04 -8.54846982e-04 -1.12839802e-03 ...  7.18071465e-04
   -1.47033681e-03 -2.01743888e-03]
  [-1.06001026e-03 -8.54846982e-04 -1.81227560e-03 ... -1.40194905e-03
   -2.08582664e-03 -1.53872457e-03]
  [-7.86459224e-04 -8.54846982e-04 -1.81227560e-03 ... -1.12839802e-03
   -1.06001026e-03 -9.91622500e-04]
  ...
  [-7.86459224e-04 -7.86459224e-04 -1.12839802e-03 ... -2.70131646e-03
    3.76132672e-04  1.60711233e-03]
  [-1.12839802e-03 -9.91622500e-04 -8.54846982e-04 ... -5.81295948e-04
    1.19678578e-03  2.83809198e-03]
  [-1.26517353e-03 -1.12839802e-03 -9.91622500e-04 ...  1.40194905e-03
    2.08582664e-03  4.00068388e-03]]

 [[-1.53872457e-03 -1.74388784e-03 -1.12839802e-03 ... -7.86459224e-04
   -1.06001026e-03 -8.54846982e-04]
  [-1.47033681e-03 -1.60711233e-03 -7.86459224e-04 ... -1.40194905e-03
   -1.33356129e-03 -7.86459224e-04]
  [-1.19678578e-03 -1.81227560e-03 -9.23234741e-04 ... -1.60711233e-03
   -1.26517353e-03 -1.06001026e-03]
  ...
  [-9.91622500e-04 -1.12839802e-03 -1.26517353e-03 ... -1.12839802e-03
    3.07744914e-04  1.60711233e-03]
  [-8.54846982e-04 -5.81295948e-04 -1.26517353e-03 ... -1.02581638e-04
    1.26517353e-03  2.83809198e-03]
  [-7.86459224e-04 -6.49683707e-04 -6.49683707e-04 ...  5.81295948e-04
    1.81227560e-03  3.86390836e-03]]

 [[-7.18071465e-04 -1.06001026e-03 -1.40194905e-03 ... -2.39357155e-04
   -1.12839802e-03 -9.23234741e-04]
  [-1.02581638e-04 -1.70969396e-04 -1.70969396e-04 ... -1.02581638e-04
   -1.12839802e-03 -1.06001026e-03]
  [-4.44520431e-04 -3.07744914e-04 -3.07744914e-04 ... -3.41938793e-05
   -1.47033681e-03 -1.40194905e-03]
  ...
  [-1.12839802e-03 -1.53872457e-03 -1.06001026e-03 ...  1.02581638e-04
   -4.44520431e-04  9.23234741e-04]
  [-1.60711233e-03 -1.60711233e-03 -1.12839802e-03 ... -1.70969396e-04
    2.39357155e-04  1.88066336e-03]
  [-1.33356129e-03 -1.26517353e-03 -3.07744914e-04 ...  4.44520431e-04
    9.91622500e-04  2.49615319e-03]]

 ...

 [[-3.07744914e-04 -7.18071465e-04 -1.19678578e-03 ... -9.23234741e-04
   -1.40194905e-03 -1.53872457e-03]
  [-7.18071465e-04 -9.91622500e-04 -1.47033681e-03 ... -7.86459224e-04
   -1.67550009e-03 -1.88066336e-03]
  [-1.19678578e-03 -1.33356129e-03 -1.47033681e-03 ... -7.86459224e-04
   -1.81227560e-03 -2.01743888e-03]
  ...
  [-2.01743888e-03 -2.15421440e-03 -1.19678578e-03 ... -1.26517353e-03
   -8.54846982e-04 -7.18071465e-04]
  [-2.35937767e-03 -2.15421440e-03 -1.19678578e-03 ... -3.76132672e-04
   -3.76132672e-04 -8.54846982e-04]
  [-1.12839802e-03 -9.91622500e-04 -5.12908189e-04 ... -1.12839802e-03
   -7.18071465e-04 -9.23234741e-04]]

 [[-2.39357155e-04 -3.41938793e-05 -9.91622500e-04 ... -1.53872457e-03
   -1.88066336e-03 -1.60711233e-03]
  [-9.91622500e-04 -8.54846982e-04 -1.74388784e-03 ... -1.19678578e-03
   -1.94905112e-03 -1.88066336e-03]
  [-1.19678578e-03 -1.12839802e-03 -9.23234741e-04 ... -1.81227560e-03
   -2.01743888e-03 -1.74388784e-03]
  ...
  [-5.81295948e-04 -1.40194905e-03 -1.60711233e-03 ... -1.33356129e-03
   -3.07744914e-04 -1.70969396e-04]
  [-6.49683707e-04 -1.19678578e-03 -1.94905112e-03 ... -1.06001026e-03
   -3.76132672e-04 -3.41938793e-05]
  [-3.76132672e-04 -5.81295948e-04 -2.08582664e-03 ... -1.88066336e-03
   -7.86459224e-04 -3.76132672e-04]]

 [[-7.86459224e-04 -1.40194905e-03 -2.39357155e-04 ... -6.49683707e-04
   -4.44520431e-04 -8.54846982e-04]
  [-7.86459224e-04 -1.06001026e-03 -3.41938793e-05 ... -1.26517353e-03
   -5.12908189e-04 -1.06001026e-03]
  [-1.94905112e-03 -1.94905112e-03 -8.54846982e-04 ... -9.91622500e-04
   -9.23234741e-04 -9.91622500e-04]
  ...
  [ 3.41938793e-05 -1.06001026e-03 -9.91622500e-04 ... -9.91622500e-04
   -1.70969396e-04 -2.39357155e-04]
  [-1.06001026e-03 -1.60711233e-03 -6.49683707e-04 ... -3.07744914e-04
    2.39357155e-04  3.07744914e-04]
  [-1.94905112e-03 -1.94905112e-03 -7.86459224e-04 ...  3.07744914e-04
    6.49683707e-04  6.49683707e-04]]]"
7,1.0131975213169124,0.8284085690008791,3.379241979263518,0.0008987109944410794,0.0007348018557819364,0.002997403624632251,13097.0,89,41,215,"[[[ 1.08731108e-04  3.98680729e-04  1.05106738e-03 ...  2.21086586e-03
    2.57330289e-03  7.61117756e-04]
  [ 3.62437027e-05  3.26193324e-04  7.61117756e-04 ...  2.28335327e-03
    2.50081548e-03  1.81218513e-04]
  [ 4.71168135e-04  3.26193324e-04 -2.53705919e-04 ...  2.06589105e-03
    1.84842884e-03 -4.71168135e-04]
  ...
  [ 2.06589105e-03  1.26852959e-03  3.62437027e-05 ... -3.62437027e-05
    3.62437027e-05 -1.81218513e-04]
  [ 1.63096662e-03  1.48599181e-03  6.16142945e-04 ... -4.71168135e-04
   -1.08731108e-04 -1.12355478e-03]
  [ 3.98680729e-04  5.43655540e-04  6.16142945e-04 ...  2.53705919e-04
    3.26193324e-04 -1.08731108e-04]]

 [[ 2.53705919e-04 -1.81218513e-04 -6.16142945e-04 ...  8.33605161e-04
    1.26852959e-03  1.26852959e-03]
  [-3.62437027e-05  3.62437027e-05  3.62437027e-05 ...  1.12355478e-03
    1.05106738e-03  1.41350440e-03]
  [ 1.08731108e-04  2.53705919e-04  3.98680729e-04 ...  9.78579972e-04
    1.19604219e-03  1.48599181e-03]
  ...
  [-3.98680729e-04 -3.26193324e-04  1.81218513e-04 ...  2.53705919e-04
    1.81218513e-04  2.53705919e-04]
  [-4.71168135e-04 -3.98680729e-04 -1.81218513e-04 ...  2.53705919e-04
    1.81218513e-04  3.98680729e-04]
  [-9.78579972e-04 -9.06092566e-04 -5.43655540e-04 ...  2.53705919e-04
    3.26193324e-04  1.12355478e-03]]

 [[-3.98680729e-04 -5.43655540e-04 -3.98680729e-04 ...  2.28335327e-03
    2.79076510e-03  1.19604219e-03]
  [ 3.98680729e-04 -5.43655540e-04 -1.26852959e-03 ...  1.19604219e-03
    1.84842884e-03  1.34101700e-03]
  [ 6.16142945e-04  3.26193324e-04  3.62437027e-05 ...  1.99340365e-03
    9.78579972e-04  3.98680729e-04]
  ...
  [ 2.53705919e-04 -1.08731108e-04 -5.43655540e-04 ... -8.33605161e-04
   -2.53705919e-04  3.26193324e-04]
  [ 3.62437027e-05 -1.81218513e-04 -3.98680729e-04 ... -3.98680729e-04
   -1.08731108e-04  2.53705919e-04]
  [-1.08731108e-04 -1.08731108e-04 -1.08731108e-04 ...  3.98680729e-04
    1.81218513e-04  2.53705919e-04]]

 ...

 [[-1.81218513e-04 -3.98680729e-04 -1.81218513e-04 ... -3.62437027e-05
   -2.53705919e-04 -3.26193324e-04]
  [-3.98680729e-04 -6.16142945e-04 -3.98680729e-04 ...  1.08731108e-04
   -1.08731108e-04 -3.62437027e-05]
  [ 3.98680729e-04  1.08731108e-04 -3.98680729e-04 ... -1.08731108e-04
   -1.08731108e-04  1.08731108e-04]
  ...
  [-3.26193324e-04 -3.98680729e-04  1.81218513e-04 ...  3.98680729e-04
    1.08731108e-04  4.71168135e-04]
  [-3.26193324e-04 -3.26193324e-04  1.81218513e-04 ...  6.16142945e-04
   -1.08731108e-04  3.62437027e-05]
  [-1.08731108e-04 -1.81218513e-04  1.81218513e-04 ...  6.88630350e-04
   -3.26193324e-04 -3.98680729e-04]]

 [[ 3.62437027e-05  3.26193324e-04  6.16142945e-04 ...  3.98680729e-04
   -2.53705919e-04 -2.53705919e-04]
  [ 1.08731108e-04  2.53705919e-04  3.98680729e-04 ...  1.81218513e-04
   -3.98680729e-04 -3.26193324e-04]
  [-3.62437027e-05 -1.08731108e-04 -3.62437027e-05 ...  6.16142945e-04
   -3.26193324e-04 -5.43655540e-04]
  ...
  [ 4.71168135e-04  1.81218513e-04 -1.08731108e-04 ...  6.88630350e-04
   -1.08731108e-04  6.16142945e-04]
  [ 3.62437027e-05  1.81218513e-04  3.26193324e-04 ...  6.88630350e-04
    5.43655540e-04  5.43655540e-04]
  [-3.62437027e-05  2.53705919e-04  6.88630350e-04 ...  5.43655540e-04
    3.26193324e-04  3.62437027e-05]]

 [[ 5.43655540e-04  5.43655540e-04  2.53705919e-04 ...  1.19604219e-03
   -1.81218513e-04  2.53705919e-04]
  [ 4.71168135e-04  5.43655540e-04  3.98680729e-04 ...  6.16142945e-04
   -6.16142945e-04 -1.81218513e-04]
  [ 2.53705919e-04  3.98680729e-04  4.71168135e-04 ...  1.08731108e-04
   -6.16142945e-04 -6.16142945e-04]
  ...
  [ 6.88630350e-04  4.71168135e-04  1.08731108e-04 ...  3.62437027e-05
    3.98680729e-04  9.06092566e-04]
  [ 2.53705919e-04  3.26193324e-04  1.81218513e-04 ...  5.43655540e-04
    3.62437027e-05  1.08731108e-04]
  [ 2.53705919e-04  3.98680729e-04  3.98680729e-04 ...  5.43655540e-04
   -1.08731108e-04 -1.08731108e-04]]]"
8,0.9198039423155993,0.8768966832685532,3.4034092601252453,0.0006168860287409479,0.0005881096358962522,0.0022825687536883778,10072.0,81,213,131,"[[[ 8.24473856e-04  9.98047299e-04  9.98047299e-04 ...  6.50900412e-04
    8.24473856e-04  9.98047299e-04]
  [ 8.24473856e-04  7.37687134e-04  7.37687134e-04 ...  6.50900412e-04
    5.64113691e-04  1.30180082e-04]
  [ 1.08483402e-03  1.08483402e-03  8.24473856e-04 ...  9.11260577e-04
    3.03753526e-04 -7.37687134e-04]
  ...
  [ 7.37687134e-04  1.60555435e-03  1.51876763e-03 ...  2.90735517e-03
    2.99414190e-03  6.03167715e-03]
  [ 8.24473856e-04  1.43198091e-03  1.17162074e-03 ...  1.77912779e-03
    3.51486223e-03  8.20134519e-03]
  [ 1.34519419e-03  1.69234107e-03  1.34519419e-03 ...  1.77912779e-03
    2.47342157e-03  5.25059666e-03]]

 [[ 1.08483402e-03  1.34519419e-03  5.64113691e-04 ...  3.90540247e-04
    3.90540247e-04  4.77326969e-04]
  [ 1.25840746e-03  7.37687134e-04  7.37687134e-04 ... -9.98047299e-04
   -5.64113691e-04  1.25840746e-03]
  [ 3.90540247e-04  4.77326969e-04  7.37687134e-04 ... -4.77326969e-04
   -2.16966804e-04  9.98047299e-04]
  ...
  [ 7.37687134e-04  6.50900412e-04  9.98047299e-04 ...  5.85810371e-03
    5.77131699e-03  6.63918420e-03]
  [ 1.08483402e-03  3.90540247e-04  5.64113691e-04 ...  4.20915600e-03
    4.99023649e-03  4.99023649e-03]
  [ 2.38663484e-03  1.30180082e-04  1.17162074e-03 ...  4.46951616e-03
    4.55630289e-03  4.20915600e-03]]

 [[-4.77326969e-04 -1.17162074e-03 -1.30180082e-04 ...  5.64113691e-04
    9.11260577e-04  1.51876763e-03]
  [-4.33933608e-05 -9.11260577e-04 -2.16966804e-04 ...  4.33933608e-05
    4.77326969e-04  3.90540247e-04]
  [-6.50900412e-04 -8.24473856e-04  5.64113691e-04 ...  1.08483402e-03
    7.37687134e-04  1.69234107e-03]
  ...
  [ 8.24473856e-04  9.11260577e-04  1.17162074e-03 ...  5.16380994e-03
    6.03167715e-03  8.20134519e-03]
  [ 8.24473856e-04  5.64113691e-04  6.50900412e-04 ...  4.03558256e-03
    4.81666305e-03  6.29203732e-03]
  [ 9.11260577e-04  1.30180082e-04  4.33933608e-05 ...  4.03558256e-03
    4.90344977e-03  5.94489043e-03]]

 ...

 [[ 3.03753526e-04  1.34519419e-03  7.37687134e-04 ...  1.43198091e-03
    1.34519419e-03  4.33933608e-05]
  [ 8.24473856e-04  2.38663484e-03  2.03948796e-03 ...  9.11260577e-04
    6.50900412e-04  2.16966804e-04]
  [ 1.34519419e-03  2.29984812e-03  1.17162074e-03 ... -4.33933608e-05
   -1.30180082e-04  7.37687134e-04]
  ...
  [-3.90540247e-04  1.17162074e-03  9.98047299e-04 ...  3.03753526e-04
    9.98047299e-04  9.11260577e-04]
  [-7.37687134e-04  9.11260577e-04  9.98047299e-04 ...  4.33933608e-05
    3.03753526e-04  2.16966804e-04]
  [-1.30180082e-04  3.90540247e-04 -4.33933608e-05 ... -4.33933608e-05
   -4.77326969e-04 -4.77326969e-04]]

 [[-1.30180082e-04 -2.16966804e-04  1.30180082e-04 ...  4.33933608e-05
    2.16966804e-04  6.50900412e-04]
  [-4.77326969e-04 -5.64113691e-04 -1.30180082e-04 ...  2.16966804e-04
    3.03753526e-04  5.64113691e-04]
  [-4.77326969e-04 -8.24473856e-04 -5.64113691e-04 ...  2.16966804e-04
    3.03753526e-04 -2.16966804e-04]
  ...
  [-3.90540247e-04 -3.03753526e-04 -1.30180082e-04 ... -3.03753526e-04
   -5.64113691e-04  6.50900412e-04]
  [-3.03753526e-04 -5.64113691e-04  4.33933608e-05 ... -1.30180082e-04
    4.33933608e-05  9.11260577e-04]
  [ 5.64113691e-04 -5.64113691e-04 -4.33933608e-05 ...  3.90540247e-04
    8.24473856e-04  1.34519419e-03]]

 [[-4.33933608e-05 -1.30180082e-04  4.33933608e-05 ...  1.30180082e-04
    4.77326969e-04  5.64113691e-04]
  [-7.37687134e-04 -3.90540247e-04  3.90540247e-04 ... -4.33933608e-05
    4.77326969e-04  1.17162074e-03]
  [-1.43198091e-03 -8.24473856e-04  3.03753526e-04 ... -4.77326969e-04
    1.30180082e-04  1.69234107e-03]
  ...
  [-1.30180082e-04  3.03753526e-04  7.37687134e-04 ...  7.37687134e-04
   -4.33933608e-05 -3.90540247e-04]
  [-1.17162074e-03 -3.03753526e-04  1.30180082e-04 ...  4.33933608e-05
   -4.33933608e-05 -5.64113691e-04]
  [-9.98047299e-04  7.37687134e-04  6.50900412e-04 ...  5.64113691e-04
   -2.16966804e-04 -8.24473856e-04]]]"
9,0.9030794406669249,0.8502935842339365,3.253771240784218,0.0005598678868529515,0.0005271432897224302,0.0020171892334759655,10039.0,199,150,194,"[[[-6.20732464e-04  5.25235162e-04  1.57570549e-03 ...  4.77486511e-05
    4.77486511e-05  4.77486511e-05]
  [-4.29737860e-04  2.38743256e-04  1.28921358e-03 ... -4.77486511e-05
    1.43245953e-04  4.77486511e-05]
  [ 3.34240558e-04  4.77486511e-05  9.07224371e-04 ... -3.34240558e-04
    3.34240558e-04  2.38743256e-04]
  ...
  [ 7.16229767e-04  9.07224371e-04 -1.43245953e-04 ... -9.07224371e-04
   -1.38471088e-03 -1.00272167e-03]
  [ 1.38471088e-03  6.20732464e-04 -1.09821898e-03 ... -4.77486511e-05
    1.43245953e-04  8.11727069e-04]
  [ 6.20732464e-04  5.25235162e-04 -4.29737860e-04 ...  1.48020818e-03
    5.25235162e-04  9.07224371e-04]]

 [[-7.16229767e-04 -9.07224371e-04  1.43245953e-04 ...  1.19371628e-03
    1.19371628e-03  9.07224371e-04]
  [ 6.20732464e-04  7.16229767e-04 -1.43245953e-04 ...  4.77486511e-05
    1.43245953e-04  4.77486511e-05]
  [ 1.00272167e-03  1.48020818e-03 -3.34240558e-04 ...  1.43245953e-04
    4.29737860e-04  4.77486511e-05]
  ...
  [-6.20732464e-04 -2.38743256e-04 -4.29737860e-04 ...  1.48020818e-03
    1.19371628e-03  7.16229767e-04]
  [-3.34240558e-04 -4.29737860e-04 -1.09821898e-03 ...  8.11727069e-04
    4.29737860e-04  6.20732464e-04]
  [ 1.09821898e-03  4.77486511e-05 -8.11727069e-04 ... -1.09821898e-03
    4.29737860e-04  1.86219739e-03]]

 [[ 2.38743256e-04  4.29737860e-04 -1.43245953e-04 ...  1.43245953e-04
    3.34240558e-04  8.11727069e-04]
  [ 1.09821898e-03  2.38743256e-04 -1.19371628e-03 ... -9.07224371e-04
    5.25235162e-04  5.25235162e-04]
  [ 6.20732464e-04  3.34240558e-04 -1.43245953e-04 ...  4.77486511e-05
    2.38743256e-04  4.77486511e-05]
  ...
  [ 1.19371628e-03  9.07224371e-04  3.34240558e-04 ...  1.43245953e-04
   -7.16229767e-04 -2.38743256e-04]
  [ 1.19371628e-03  7.16229767e-04  8.11727069e-04 ... -5.25235162e-04
   -8.11727069e-04 -1.43245953e-04]
  [ 1.09821898e-03  7.16229767e-04  1.19371628e-03 ... -1.19371628e-03
   -8.11727069e-04 -2.38743256e-04]]

 ...

 [[ 5.25235162e-04  6.20732464e-04 -2.38743256e-04 ...  7.16229767e-04
   -4.77486511e-05 -1.43245953e-04]
  [ 9.07224371e-04  3.34240558e-04  2.38743256e-04 ...  8.11727069e-04
    6.20732464e-04  5.25235162e-04]
  [ 1.43245953e-04  5.25235162e-04  5.25235162e-04 ...  8.11727069e-04
    8.11727069e-04  4.29737860e-04]
  ...
  [ 7.16229767e-04  4.29737860e-04  2.38743256e-04 ...  1.19371628e-03
    6.20732464e-04  1.43245953e-04]
  [ 7.16229767e-04  6.20732464e-04  2.38743256e-04 ...  3.34240558e-04
    1.00272167e-03  7.16229767e-04]
  [ 3.34240558e-04  3.34240558e-04  5.25235162e-04 ... -3.34240558e-04
    1.19371628e-03  9.07224371e-04]]

 [[-1.43245953e-04  2.38743256e-04  7.16229767e-04 ...  6.20732464e-04
    4.29737860e-04  4.29737860e-04]
  [ 1.43245953e-04  1.43245953e-04  6.20732464e-04 ...  1.19371628e-03
    8.11727069e-04  9.07224371e-04]
  [-4.77486511e-05  5.25235162e-04  6.20732464e-04 ... -5.25235162e-04
    3.34240558e-04  6.20732464e-04]
  ...
  [ 4.29737860e-04  8.11727069e-04  1.67120279e-03 ... -1.43245953e-04
    1.43245953e-04  5.25235162e-04]
  [ 2.38743256e-04  6.20732464e-04  1.57570549e-03 ... -3.34240558e-04
    5.25235162e-04  1.09821898e-03]
  [ 1.43245953e-04  5.25235162e-04  1.48020818e-03 ... -1.43245953e-04
    8.11727069e-04  1.28921358e-03]]

 [[ 6.20732464e-04  6.20732464e-04  1.43245953e-04 ...  2.05319200e-03
    9.07224371e-04  5.25235162e-04]
  [ 8.11727069e-04  1.19371628e-03  5.25235162e-04 ...  1.76670009e-03
    4.29737860e-04  1.43245953e-04]
  [ 8.11727069e-04  1.57570549e-03  1.28921358e-03 ...  8.11727069e-04
   -4.77486511e-05 -1.43245953e-04]
  ...
  [-3.34240558e-04  1.43245953e-04  9.07224371e-04 ...  1.19371628e-03
    3.34240558e-04 -2.38743256e-04]
  [ 5.25235162e-04  6.20732464e-04  5.25235162e-04 ...  7.16229767e-04
    6.20732464e-04  9.07224371e-04]
  [ 1.38471088e-03  1.38471088e-03  6.20732464e-04 ...  3.34240558e-04
    4.29737860e-04  6.20732464e-04]]]"
10,0.8977344283208505,0.7999097193601655,2.6443112196060135,0.0004359686030462468,0.00038846304707783444,0.0012841621510635282,8613.0,142,56,124,"[[[ 2.61355914e-04  1.56813549e-04  2.61355914e-04 ...  1.51586430e-03
    1.20223721e-03  5.74983012e-04]
  [-5.22711829e-05  3.65898280e-04  5.22711829e-05 ...  9.93152475e-04
    2.61355914e-04 -4.70440646e-04]
  [-1.09769484e-03  5.74983012e-04  1.56813549e-04 ... -4.70440646e-04
   -1.30677957e-03 -1.82949140e-03]
  ...
  [ 2.61355914e-04  3.65898280e-04  4.70440646e-04 ... -5.22711829e-05
   -2.61355914e-04  1.56813549e-04]
  [ 5.74983012e-04 -6.79525378e-04 -6.79525378e-04 ...  6.79525378e-04
    1.09769484e-03  1.62040667e-03]
  [ 1.56813549e-04 -2.61355914e-04  2.61355914e-04 ... -3.65898280e-04
    3.65898280e-04  1.20223721e-03]]

 [[-3.65898280e-04  1.56813549e-04  1.30677957e-03 ...  1.56813549e-04
   -2.61355914e-04  4.70440646e-04]
  [ 3.65898280e-04  5.22711829e-05  2.61355914e-04 ... -8.88610109e-04
   -1.09769484e-03 -2.61355914e-04]
  [ 4.70440646e-04 -1.56813549e-04 -6.79525378e-04 ... -1.41132194e-03
   -1.41132194e-03 -3.65898280e-04]
  ...
  [ 1.41132194e-03  1.09769484e-03  1.93403377e-03 ...  1.56813549e-04
   -1.56813549e-04  7.84067743e-04]
  [ 1.93403377e-03  1.30677957e-03  7.84067743e-04 ... -7.84067743e-04
   -1.30677957e-03 -5.22711829e-05]
  [ 1.51586430e-03  7.84067743e-04  5.22711829e-05 ... -1.51586430e-03
   -1.72494904e-03 -4.70440646e-04]]

 [[-5.74983012e-04 -6.79525378e-04 -6.79525378e-04 ... -1.56813549e-04
   -3.65898280e-04 -4.70440646e-04]
  [ 1.56813549e-04  1.09769484e-03  4.70440646e-04 ... -5.74983012e-04
   -8.88610109e-04 -1.41132194e-03]
  [ 8.88610109e-04 -1.56813549e-04 -2.61355914e-04 ...  1.20223721e-03
    1.09769484e-03  1.56813549e-04]
  ...
  [ 9.93152475e-04  3.65898280e-04  1.56813549e-04 ...  1.09769484e-03
    7.84067743e-04 -3.65898280e-04]
  [ 7.84067743e-04  6.79525378e-04  2.61355914e-04 ...  7.84067743e-04
    1.09769484e-03  5.74983012e-04]
  [ 7.84067743e-04  3.65898280e-04  5.22711829e-05 ...  5.74983012e-04
    1.20223721e-03  1.41132194e-03]]

 ...

 [[ 2.61355914e-04  5.22711829e-05 -4.70440646e-04 ... -8.88610109e-04
   -5.74983012e-04  4.70440646e-04]
  [-5.22711829e-05  1.20223721e-03 -5.22711829e-05 ... -6.79525378e-04
   -3.65898280e-04  5.22711829e-05]
  [ 5.22711829e-05  1.56813549e-04 -2.61355914e-04 ...  5.22711829e-05
   -2.61355914e-04 -6.79525378e-04]
  ...
  [ 7.84067743e-04 -3.65898280e-04 -1.56813549e-04 ...  1.20223721e-03
    8.88610109e-04  4.70440646e-04]
  [ 6.79525378e-04 -5.74983012e-04 -5.74983012e-04 ... -2.61355914e-04
   -2.61355914e-04 -2.61355914e-04]
  [-4.70440646e-04 -7.84067743e-04 -8.88610109e-04 ... -1.09769484e-03
   -9.93152475e-04 -8.88610109e-04]]

 [[ 9.93152475e-04  2.14311850e-03  9.93152475e-04 ... -6.79525378e-04
   -5.74983012e-04 -1.56813549e-04]
  [ 1.62040667e-03  2.14311850e-03  2.61355914e-04 ...  5.22711829e-05
   -2.61355914e-04 -2.61355914e-04]
  [-5.22711829e-05  4.70440646e-04  2.61355914e-04 ...  2.61355914e-04
    2.61355914e-04  2.61355914e-04]
  ...
  [-5.74983012e-04 -5.74983012e-04 -1.30677957e-03 ...  5.22711829e-05
   -2.61355914e-04 -2.61355914e-04]
  [ 4.70440646e-04  2.61355914e-04 -3.65898280e-04 ...  5.22711829e-05
   -2.61355914e-04 -5.22711829e-05]
  [ 2.61355914e-04  9.93152475e-04  2.61355914e-04 ... -5.74983012e-04
   -4.70440646e-04  1.56813549e-04]]

 [[ 8.88610109e-04  4.70440646e-04  5.22711829e-05 ... -9.93152475e-04
   -1.56813549e-04  1.20223721e-03]
  [ 5.74983012e-04  3.65898280e-04 -1.56813549e-04 ... -1.20223721e-03
   -4.70440646e-04  5.74983012e-04]
  [-5.22711829e-05 -1.56813549e-04 -5.74983012e-04 ... -8.88610109e-04
   -6.79525378e-04 -3.65898280e-04]
  ...
  [-4.70440646e-04  5.74983012e-04  1.62040667e-03 ...  6.79525378e-04
    1.09769484e-03  6.79525378e-04]
  [-8.88610109e-04 -5.74983012e-04  5.22711829e-05 ...  1.93403377e-03
    1.41132194e-03 -1.56813549e-04]
  [ 9.93152475e-04 -5.22711829e-05 -3.65898280e-04 ...  3.65898280e-04
    5.22711829e-05 -2.61355914e-04]]]"
11,0.889131953088196,0.8556568062593147,2.9567017687277195,0.0005398980075301667,0.0005195718522012946,0.0017953662606575843,7783.0,29,168,175,"[[[-3.95949997e-04  7.35335709e-04  1.69692856e-04 ...  1.69692856e-04
    9.61592850e-04  1.75349284e-03]
  [ 9.61592850e-04  6.22207138e-04  6.22207138e-04 ...  9.61592850e-04
    1.07472142e-03  1.41410713e-03]
  [ 1.97974999e-03  9.61592850e-04  1.07472142e-03 ...  1.52723570e-03
    1.18784999e-03  1.07472142e-03]
  ...
  [ 5.65642853e-05  1.69692856e-04  1.41410713e-03 ... -1.69692856e-04
    3.95949997e-04  1.07472142e-03]
  [ 1.69692856e-04 -2.82821427e-04 -5.65642853e-05 ... -1.69692856e-04
    1.30097856e-03  2.43226427e-03]
  [ 1.41410713e-03  2.82821427e-04 -1.07472142e-03 ...  1.07472142e-03
    1.41410713e-03  1.41410713e-03]]

 [[ 1.18784999e-03  8.48464280e-04  8.48464280e-04 ... -6.22207138e-04
    2.82821427e-04  6.22207138e-04]
  [ 1.52723570e-03 -3.95949997e-04 -7.35335709e-04 ...  7.35335709e-04
    9.61592850e-04  6.22207138e-04]
  [ 1.75349284e-03  5.09078568e-04 -8.48464280e-04 ...  2.43226427e-03
    2.31913570e-03  1.18784999e-03]
  ...
  [ 1.18784999e-03  3.95949997e-04  1.07472142e-03 ...  1.41410713e-03
    1.41410713e-03  1.07472142e-03]
  [ 9.61592850e-04  5.09078568e-04  7.35335709e-04 ...  6.22207138e-04
    1.30097856e-03  1.64036427e-03]
  [ 7.35335709e-04 -7.35335709e-04  5.65642853e-05 ...  3.95949997e-04
    1.75349284e-03  2.43226427e-03]]

 [[ 5.65642853e-05  1.07472142e-03  3.95949997e-04 ...  2.82821427e-04
    8.48464280e-04  9.61592850e-04]
  [-6.22207138e-04  1.52723570e-03  5.65642853e-05 ... -2.82821427e-04
    2.82821427e-04  9.61592850e-04]
  [-2.82821427e-04  2.82821427e-04 -2.82821427e-04 ...  2.82821427e-04
   -1.69692856e-04 -5.65642853e-05]
  ...
  [-1.41410713e-03  9.61592850e-04 -3.95949997e-04 ...  1.41410713e-03
    6.22207138e-04 -3.95949997e-04]
  [-5.65642853e-05  1.75349284e-03 -5.65642853e-05 ... -9.61592850e-04
   -1.69692856e-04  3.95949997e-04]
  [ 1.07472142e-03  1.97974999e-03  5.65642853e-05 ... -1.30097856e-03
   -2.82821427e-04  6.22207138e-04]]

 ...

 [[ 9.61592850e-04  1.64036427e-03  1.69692856e-04 ...  1.64036427e-03
    1.52723570e-03  1.07472142e-03]
  [ 1.07472142e-03  9.61592850e-04 -2.82821427e-04 ...  1.86662142e-03
    1.75349284e-03  9.61592850e-04]
  [ 1.07472142e-03 -5.65642853e-05 -2.82821427e-04 ...  2.54539284e-03
    1.64036427e-03  1.69692856e-04]
  ...
  [ 6.22207138e-04  3.95949997e-04  5.09078568e-04 ...  2.20600713e-03
    1.07472142e-03 -1.69692856e-04]
  [ 1.07472142e-03  7.35335709e-04  7.35335709e-04 ...  9.61592850e-04
    5.09078568e-04  3.95949997e-04]
  [ 1.41410713e-03  1.18784999e-03  8.48464280e-04 ... -3.95949997e-04
    5.65642853e-05  9.61592850e-04]]

 [[-7.35335709e-04 -2.82821427e-04  7.35335709e-04 ... -5.09078568e-04
   -5.09078568e-04  2.82821427e-04]
  [-3.95949997e-04 -5.65642853e-05  1.07472142e-03 ...  1.69692856e-04
    5.65642853e-05  3.95949997e-04]
  [ 1.69692856e-04  6.22207138e-04  1.07472142e-03 ...  1.75349284e-03
    7.35335709e-04 -5.65642853e-05]
  ...
  [ 1.18784999e-03  3.33729283e-03  2.54539284e-03 ...  1.18784999e-03
    3.95949997e-04 -3.95949997e-04]
  [-5.65642853e-05  1.18784999e-03  7.35335709e-04 ...  1.86662142e-03
    1.52723570e-03  8.48464280e-04]
  [ 5.65642853e-05  3.95949997e-04  5.09078568e-04 ...  1.41410713e-03
    7.35335709e-04  2.82821427e-04]]

 [[ 8.48464280e-04  8.48464280e-04  9.61592850e-04 ...  7.35335709e-04
    1.75349284e-03  2.54539284e-03]
  [ 3.95949997e-04  5.09078568e-04  2.82821427e-04 ... -1.69692856e-04
    7.35335709e-04  1.64036427e-03]
  [ 2.82821427e-04  3.95949997e-04  2.82821427e-04 ... -8.48464280e-04
   -1.69692856e-04  8.48464280e-04]
  ...
  [-3.95949997e-04 -9.61592850e-04  5.65642853e-05 ... -9.61592850e-04
    1.69692856e-04  1.64036427e-03]
  [-6.22207138e-04 -6.22207138e-04  5.09078568e-04 ... -7.35335709e-04
    1.69692856e-04  9.61592850e-04]
  [ 7.35335709e-04  1.30097856e-03  2.82821427e-04 ...  5.09078568e-04
    3.95949997e-04  3.95949997e-04]]]"
12,0.9410300502206341,0.8680030228448425,3.22500282771354,0.0005496182747703472,0.0005069663411998485,0.0018835960148041962,8427.0,153,79,112,"[[[ 0.00114692  0.001491    0.0013763  ...  0.00091754  0.00057346
   -0.00011469]
  [ 0.00194976  0.0013763   0.00057346 ... -0.00045877 -0.00057346
   -0.00011469]
  [-0.00080284  0.00057346  0.00091754 ... -0.00080284  0.00080284
    0.00229384]
  ...
  [ 0.00011469  0.          0.         ...  0.          0.
    0.        ]
  [-0.00080284 -0.00045877  0.00022938 ... -0.00057346 -0.00011469
    0.00057346]
  [-0.00045877 -0.00080284 -0.00057346 ... -0.00057346 -0.00045877
    0.        ]]

 [[ 0.          0.00183507  0.00103223 ... -0.00091754 -0.00022938
    0.00022938]
  [ 0.00011469  0.00126161  0.00057346 ... -0.00126161 -0.00034408
    0.00057346]
  [ 0.          0.         -0.00022938 ... -0.0013763  -0.00034408
    0.00103223]
  ...
  [-0.00022938  0.00011469 -0.00011469 ...  0.00080284  0.00057346
    0.00011469]
  [-0.00011469 -0.00011469 -0.00091754 ... -0.00114692 -0.00217915
   -0.00103223]
  [-0.00045877 -0.00091754 -0.00103223 ...  0.          0.00091754
    0.00367015]]

 [[-0.00045877  0.00229384  0.00252323 ... -0.00034408 -0.00103223
   -0.00114692]
  [-0.00126161  0.00114692  0.00183507 ... -0.00057346 -0.00183507
   -0.00034408]
  [-0.00022938  0.00080284  0.00080284 ... -0.00034408 -0.00103223
    0.        ]
  ...
  [ 0.001491    0.00091754  0.         ...  0.00091754 -0.00022938
   -0.00068815]
  [ 0.00194976  0.00114692  0.00022938 ... -0.00022938 -0.001491
   -0.00045877]
  [-0.00183507 -0.00057346 -0.00034408 ... -0.00160569 -0.00114692
    0.00068815]]

 ...

 [[-0.00206446 -0.00126161 -0.00103223 ...  0.00080284  0.00103223
   -0.00011469]
  [-0.00091754 -0.00045877 -0.00057346 ...  0.00022938  0.00080284
   -0.00022938]
  [ 0.          0.         -0.00034408 ... -0.00011469  0.00045877
   -0.00034408]
  ...
  [ 0.         -0.00103223 -0.00114692 ... -0.00172038 -0.00160569
   -0.00172038]
  [ 0.00034408 -0.00103223 -0.00114692 ... -0.00103223 -0.0013763
   -0.00057346]
  [-0.00068815 -0.00160569 -0.00080284 ... -0.00114692 -0.00034408
   -0.00022938]]

 [[ 0.         -0.00103223 -0.00103223 ... -0.00022938 -0.00045877
   -0.00103223]
  [ 0.00022938  0.00011469 -0.00057346 ... -0.00114692 -0.00068815
    0.001491  ]
  [ 0.00011469  0.00034408  0.00057346 ... -0.00103223 -0.00034408
    0.00183507]
  ...
  [-0.00022938  0.00091754  0.00057346 ...  0.00034408  0.00011469
    0.00022938]
  [ 0.00068815  0.00103223  0.00080284 ...  0.00011469  0.00022938
    0.00022938]
  [ 0.001491    0.00057346  0.00022938 ...  0.00022938  0.00034408
    0.00057346]]

 [[ 0.00034408  0.00126161  0.00114692 ... -0.00126161  0.
    0.00126161]
  [ 0.          0.00114692  0.001491   ... -0.00126161  0.00057346
    0.001491  ]
  [-0.001491    0.          0.00103223 ... -0.00091754  0.00011469
    0.00103223]
  ...
  [-0.0013763   0.00126161  0.001491   ...  0.00068815  0.00194976
    0.00068815]
  [-0.00022938  0.00103223  0.001491   ...  0.0013763   0.00172038
   -0.00022938]
  [ 0.00011469  0.00068815  0.00045877 ...  0.00045877  0.00057346
   -0.00114692]]]"
13,0.982310955702604,0.855488830568566,2.9598337040391516,0.0005668456008502401,0.0004936621350487524,0.0017079812617115963,9155.0,178,50,146,"[[[ 7.20580899e-04  1.66287900e-04 -2.77146500e-04 ... -3.88005099e-04
   -5.54292999e-05  4.98863699e-04]
  [-2.77146500e-04 -7.20580899e-04 -4.98863699e-04 ...  5.54292999e-05
    1.66287900e-04  1.66287900e-04]
  [-7.20580899e-04 -1.16401530e-03 -6.09722299e-04 ... -5.54292999e-05
    1.66287900e-04  1.66287900e-04]
  ...
  [ 1.49659110e-03  2.05088410e-03  1.05315670e-03 ...  4.98863699e-04
   -1.16401530e-03  5.54292999e-05]
  [ 6.09722299e-04  1.16401530e-03  3.88005099e-04 ...  9.42298099e-04
   -6.09722299e-04 -3.88005099e-04]
  [ 2.77146500e-04  4.98863699e-04  3.88005099e-04 ...  1.05315670e-03
    9.42298099e-04  1.49659110e-03]]

 [[-9.42298099e-04 -9.42298099e-04 -1.16401530e-03 ...  2.77146500e-04
   -5.54292999e-05 -9.42298099e-04]
  [-6.09722299e-04 -9.42298099e-04 -6.09722299e-04 ... -1.66287900e-04
    2.77146500e-04 -8.31439499e-04]
  [-2.77146500e-04 -2.77146500e-04  1.66287900e-04 ... -3.88005099e-04
    5.54292999e-05 -6.09722299e-04]
  ...
  [ 1.38573250e-03  7.20580899e-04 -5.54292999e-05 ...  9.42298099e-04
    2.77146500e-04  9.42298099e-04]
  [ 1.38573250e-03  9.42298099e-04 -3.88005099e-04 ...  1.49659110e-03
    3.88005099e-04  9.42298099e-04]
  [ 6.09722299e-04  3.88005099e-04 -7.20580899e-04 ...  2.60517710e-03
    8.31439499e-04  6.09722299e-04]]

 [[ 5.54292999e-05 -5.54292999e-05 -2.77146500e-04 ... -6.09722299e-04
   -4.98863699e-04  2.77146500e-04]
  [-2.77146500e-04 -4.98863699e-04 -1.05315670e-03 ...  5.54292999e-05
   -4.98863699e-04  3.88005099e-04]
  [ 2.77146500e-04  4.98863699e-04 -5.54292999e-05 ... -4.98863699e-04
    8.31439499e-04  6.09722299e-04]
  ...
  [ 1.66287900e-04  7.20580899e-04 -1.66287900e-04 ... -4.98863699e-04
   -1.66287900e-04  5.54292999e-05]
  [ 1.05315670e-03  1.71830830e-03  1.38573250e-03 ... -1.05315670e-03
   -7.20580899e-04 -1.66287900e-04]
  [ 1.60744970e-03  2.16174270e-03  1.71830830e-03 ... -3.88005099e-04
    5.54292999e-05  3.88005099e-04]]

 ...

 [[-8.31439499e-04 -9.42298099e-04  3.88005099e-04 ...  4.98863699e-04
    5.54292999e-05 -1.16401530e-03]
  [-1.38573250e-03 -1.27487390e-03  1.66287900e-04 ... -1.82916690e-03
   -7.20580899e-04 -1.27487390e-03]
  [-1.16401530e-03 -4.98863699e-04  5.54292999e-05 ... -1.38573250e-03
    6.09722299e-04 -1.66287900e-04]
  ...
  [ 1.05315670e-03  8.31439499e-04 -3.88005099e-04 ... -1.94002550e-03
   -2.60517710e-03 -6.09722299e-04]
  [ 7.20580899e-04  1.05315670e-03  5.54292999e-05 ... -7.20580899e-04
   -2.05088410e-03 -7.20580899e-04]
  [ 2.77146500e-04  9.42298099e-04  3.88005099e-04 ...  5.54292999e-05
   -1.16401530e-03 -7.20580899e-04]]

 [[-9.42298099e-04 -1.16401530e-03 -1.38573250e-03 ... -9.42298099e-04
   -8.31439499e-04 -7.20580899e-04]
  [-7.20580899e-04 -8.31439499e-04 -1.16401530e-03 ... -9.42298099e-04
   -6.09722299e-04 -4.98863699e-04]
  [-4.98863699e-04 -1.16401530e-03 -8.31439499e-04 ... -1.66287900e-04
    7.20580899e-04  8.31439499e-04]
  ...
  [-8.31439499e-04 -1.38573250e-03 -3.88005099e-04 ...  4.98863699e-04
   -7.20580899e-04 -3.88005099e-04]
  [-7.20580899e-04 -1.27487390e-03 -1.82916690e-03 ... -2.77146500e-04
   -6.09722299e-04  2.77146500e-04]
  [ 5.54292999e-05 -2.77146500e-04 -1.05315670e-03 ... -5.54292999e-05
   -4.98863699e-04  6.09722299e-04]]

 [[-2.05088410e-03 -5.54292999e-05  2.49431850e-03 ... -1.27487390e-03
    5.54292999e-05  1.66287900e-04]
  [-2.05088410e-03 -7.20580899e-04  1.71830830e-03 ... -7.20580899e-04
   -7.20580899e-04 -7.20580899e-04]
  [-1.49659110e-03 -7.20580899e-04  7.20580899e-04 ... -3.88005099e-04
   -1.38573250e-03 -8.31439499e-04]
  ...
  [-1.27487390e-03 -3.88005099e-04  8.31439499e-04 ... -3.88005099e-04
    2.77146500e-04  1.66287900e-04]
  [-1.71830830e-03 -7.20580899e-04  1.82916690e-03 ...  1.05315670e-03
    8.31439499e-04  3.88005099e-04]
  [-6.09722299e-04 -6.09722299e-04  5.54292999e-05 ...  3.88005099e-04
   -3.88005099e-04 -7.20580899e-04]]]"
14,0.9196224864954039,0.8881229479142997,2.957520103470104,0.0005097916308232031,0.0004923300262186616,0.0016394978406335855,8348.0,141,209,125,"[[[ 0.         -0.00036514 -0.00060857 ...  0.00073028 -0.00048685
   -0.000852  ]
  [-0.00012171 -0.00073028 -0.00048685 ...  0.00231256 -0.00097371
   -0.00146056]
  [ 0.00024343 -0.00024343 -0.00036514 ...  0.00121714 -0.00097371
   -0.000852  ]
  ...
  [-0.00048685  0.00048685  0.00109542 ...  0.00036514  0.00024343
    0.000852  ]
  [ 0.          0.000852    0.00255599 ...  0.00121714  0.00036514
    0.00060857]
  [ 0.00146056  0.00158228  0.00292113 ...  0.00206913  0.00048685
    0.00012171]]

 [[ 0.00012171 -0.00097371 -0.00158228 ...  0.00036514  0.00146056
    0.00109542]
  [ 0.00036514 -0.00036514 -0.00097371 ...  0.          0.00146056
    0.00073028]
  [ 0.00279942  0.00121714 -0.00012171 ... -0.00146056  0.00012171
   -0.00012171]
  ...
  [ 0.00073028  0.00158228  0.00024343 ... -0.00170399 -0.00024343
    0.00060857]
  [ 0.00048685  0.00158228  0.00048685 ... -0.00170399 -0.00060857
    0.00012171]
  [ 0.00048685  0.00073028 -0.00073028 ... -0.00170399 -0.00024343
    0.00048685]]

 [[ 0.00024343  0.00048685  0.00073028 ... -0.00012171 -0.00097371
   -0.00060857]
  [-0.00012171  0.00012171  0.00146056 ...  0.00036514 -0.00048685
   -0.00048685]
  [-0.00060857 -0.00073028  0.00206913 ...  0.         -0.00012171
   -0.00012171]
  ...
  [ 0.00012171  0.00024343  0.00073028 ... -0.00024343 -0.00024343
    0.000852  ]
  [ 0.00012171  0.00073028  0.00219085 ... -0.00170399  0.00121714
    0.00206913]
  [ 0.00036514  0.00097371  0.00304284 ... -0.00024343  0.00097371
    0.00133885]]

 ...

 [[ 0.00097371  0.          0.00036514 ... -0.00170399 -0.00133885
   -0.00121714]
  [ 0.00170399  0.00036514  0.00048685 ... -0.00097371 -0.000852
   -0.00048685]
  [ 0.00243427  0.00146056  0.00109542 ...  0.00036514 -0.00060857
    0.00036514]
  ...
  [ 0.000852    0.000852    0.00158228 ...  0.00219085  0.00170399
    0.00073028]
  [ 0.00073028  0.00073028  0.00206913 ...  0.00073028  0.00219085
    0.00158228]
  [ 0.00109542  0.00073028  0.00194742 ...  0.00036514  0.00146056
    0.00097371]]

 [[-0.00097371  0.          0.00073028 ... -0.00170399  0.00073028
    0.00097371]
  [-0.00012171  0.00060857  0.000852   ... -0.00036514  0.00060857
    0.        ]
  [ 0.000852    0.00182571  0.000852   ... -0.00036514 -0.00036514
   -0.00109542]
  ...
  [ 0.00146056  0.00219085  0.00109542 ...  0.00036514 -0.00036514
   -0.00121714]
  [ 0.00012171  0.00060857  0.00182571 ...  0.00036514  0.00012171
   -0.00060857]
  [ 0.00036514 -0.00036514  0.00048685 ...  0.00036514  0.000852
    0.00109542]]

 [[ 0.00060857 -0.00121714 -0.00194742 ... -0.00121714  0.00109542
    0.00109542]
  [ 0.00073028  0.00012171 -0.00158228 ...  0.00024343  0.00073028
    0.00133885]
  [-0.00012171 -0.00060857 -0.00036514 ... -0.00097371  0.00036514
    0.00060857]
  ...
  [ 0.00024343 -0.00048685  0.00048685 ... -0.00024343  0.00097371
    0.00109542]
  [ 0.00024343 -0.00036514  0.00012171 ... -0.00048685  0.00048685
    0.00060857]
  [ 0.00097371  0.00036514  0.00012171 ... -0.00146056 -0.00048685
    0.        ]]]"
15,0.9319504324573711,0.9454898430079927,3.2056174215690625,0.0006326472311019242,0.0006418383697345519,0.0021761082211541375,6264.0,136,89,190,"[[[ 9.82689546e-04  2.94806864e-03  2.64570262e-03 ... -3.77957518e-04
   -2.26774511e-04 -2.26774511e-04]
  [ 2.49451962e-03  1.28505556e-03  9.82689546e-04 ...  7.55915035e-05
    8.31506539e-04  2.26774511e-04]
  [ 5.29140525e-04 -3.77957518e-04  7.55915035e-05 ... -7.55915035e-05
    1.43623857e-03  1.13387255e-03]
  ...
  [-2.04097059e-03 -1.13387255e-03 -3.77957518e-04 ... -9.82689546e-04
   -2.04097059e-03 -1.28505556e-03]
  [ 5.29140525e-04  5.29140525e-04  6.80323532e-04 ... -6.80323532e-04
   -9.82689546e-04 -5.29140525e-04]
  [ 1.88978759e-03  1.73860458e-03  1.43623857e-03 ... -8.31506539e-04
   -2.26774511e-04  7.55915035e-05]]

 [[-1.58742157e-03 -2.26774511e-04  2.26774511e-04 ... -1.28505556e-03
   -1.13387255e-03 -2.26774511e-04]
  [-1.58742157e-03 -8.31506539e-04 -6.80323532e-04 ... -6.80323532e-04
    7.55915035e-05  1.73860458e-03]
  [-7.55915035e-05 -6.80323532e-04 -1.58742157e-03 ...  9.82689546e-04
    2.64570262e-03  4.15753269e-03]
  ...
  [ 7.55915035e-05  5.29140525e-04  7.55915035e-05 ...  7.55915035e-05
    6.80323532e-04 -5.29140525e-04]
  [ 7.55915035e-05  2.26774511e-04  5.29140525e-04 ... -2.26774511e-04
   -7.55915035e-05 -2.26774511e-04]
  [-1.43623857e-03 -7.55915035e-05  8.31506539e-04 ... -5.29140525e-04
    7.55915035e-05  2.26774511e-04]]

 [[-4.45989871e-03 -3.25043465e-03 -2.34333661e-03 ...  3.77957518e-04
    7.55915035e-05 -1.28505556e-03]
  [ 7.55915035e-05  6.80323532e-04  3.77957518e-04 ...  2.04097059e-03
    1.28505556e-03 -1.73860458e-03]
  [ 6.80323532e-04  6.80323532e-04  6.80323532e-04 ...  1.88978759e-03
    1.28505556e-03 -8.31506539e-04]
  ...
  [ 7.55915035e-05 -3.77957518e-04  7.55915035e-05 ... -1.13387255e-03
   -8.31506539e-04  9.82689546e-04]
  [ 7.55915035e-05 -1.73860458e-03 -1.43623857e-03 ... -8.31506539e-04
   -1.13387255e-03  1.73860458e-03]
  [ 2.26774511e-04 -2.26774511e-04 -9.82689546e-04 ... -7.55915035e-05
   -7.55915035e-05  3.77957518e-04]]

 ...

 [[-2.34333661e-03 -5.29140525e-04 -2.26774511e-04 ... -3.77957518e-04
    7.55915035e-05  3.55280067e-03]
  [-9.82689546e-04 -9.82689546e-04 -9.82689546e-04 ... -3.77957518e-04
    5.29140525e-04  2.64570262e-03]
  [-5.29140525e-04 -1.13387255e-03 -1.43623857e-03 ... -7.55915035e-05
    1.28505556e-03  8.31506539e-04]
  ...
  [-1.43623857e-03  8.31506539e-04  1.43623857e-03 ... -6.80323532e-04
   -3.77957518e-04  1.28505556e-03]
  [-7.55915035e-05  1.13387255e-03  2.26774511e-04 ... -6.80323532e-04
   -3.77957518e-04  1.13387255e-03]
  [ 7.55915035e-05 -3.77957518e-04 -1.43623857e-03 ...  6.80323532e-04
   -8.31506539e-04  2.94806864e-03]]

 [[-5.29140525e-04 -1.28505556e-03 -3.77957518e-04 ...  3.77957518e-04
    3.77957518e-04  1.88978759e-03]
  [-2.04097059e-03 -1.58742157e-03 -2.26774511e-04 ...  1.28505556e-03
    1.58742157e-03  5.29140525e-04]
  [-7.55915035e-05 -2.26774511e-04  2.26774511e-04 ...  3.77957518e-04
    7.55915035e-05 -9.82689546e-04]
  ...
  [-2.19215360e-03  7.55915035e-05  6.80323532e-04 ...  3.77957518e-04
   -6.80323532e-04 -3.77957518e-04]
  [-6.80323532e-04  1.28505556e-03  1.43623857e-03 ...  3.77957518e-04
   -6.80323532e-04 -8.31506539e-04]
  [ 2.34333661e-03  2.79688563e-03  1.58742157e-03 ... -8.31506539e-04
   -3.77957518e-04 -1.13387255e-03]]

 [[ 8.31506539e-04  7.55915035e-05 -3.77957518e-04 ... -3.77957518e-04
   -5.29140525e-04 -6.80323532e-04]
  [ 1.88978759e-03  1.13387255e-03  6.80323532e-04 ...  2.26774511e-04
   -8.31506539e-04  2.26774511e-04]
  [ 7.55915035e-05 -7.55915035e-05 -2.26774511e-04 ... -9.82689546e-04
   -1.13387255e-03 -1.58742157e-03]
  ...
  [-7.55915035e-05  2.04097059e-03  2.19215360e-03 ...  1.58742157e-03
   -6.80323532e-04  8.31506539e-04]
  [-1.43623857e-03  8.31506539e-04  1.28505556e-03 ...  6.80323532e-04
   -7.55915035e-05 -7.55915035e-05]
  [-2.04097059e-03 -3.77957518e-04  2.26774511e-04 ...  5.29140525e-04
    3.77957518e-04 -9.82689546e-04]]]"
16,0.9093192859790078,0.9697012259348575,3.051153876405256,0.0007842601081091917,0.0008363376709582323,0.002631526984596863,7357.0,178,70,165,"[[[-0.00458907 -0.00472813 -0.00611876 ... -0.00472813 -0.00458907
   -0.00528438]
  [-0.00445001 -0.0048672  -0.00639688 ... -0.00570157 -0.00542345
   -0.00556251]
  [-0.0059797  -0.00723126 -0.00737032 ... -0.00681407 -0.00737032
   -0.00500626]
  ...
  [-0.002225   -0.0011125  -0.00041719 ... -0.00570157 -0.00375469
   -0.00361563]
  [-0.00403282 -0.00417188 -0.00403282 ... -0.0059797  -0.00653595
   -0.00500626]
  [-0.00361563 -0.00445001 -0.00556251 ... -0.00445001 -0.0048672
   -0.00403282]]

 [[-0.00333751 -0.00208594 -0.00278125 ... -0.00472813 -0.00584063
   -0.00472813]
  [-0.00458907 -0.00333751 -0.00389376 ... -0.00445001 -0.00458907
   -0.00431094]
  [-0.00556251 -0.00431094 -0.00431094 ... -0.00417188 -0.00361563
   -0.00389376]
  ...
  [-0.00250313 -0.002225   -0.00347657 ... -0.00431094 -0.00333751
   -0.00431094]
  [-0.00375469 -0.00347657 -0.00361563 ... -0.0048672  -0.00458907
   -0.00458907]
  [-0.00292032 -0.00264219 -0.00528438 ... -0.00500626 -0.0048672
   -0.00472813]]

 [[-0.00681407 -0.0070922  -0.00528438 ... -0.00278125 -0.00431094
   -0.00514532]
  [-0.00556251 -0.00570157 -0.00361563 ... -0.00208594 -0.00305938
   -0.0048672 ]
  [-0.0048672  -0.00403282 -0.00125156 ... -0.00319844 -0.00278125
   -0.00431094]
  ...
  [-0.00472813 -0.00431094 -0.00319844 ... -0.00208594 -0.0048672
   -0.00431094]
  [-0.00417188 -0.00375469 -0.00278125 ... -0.00139063 -0.00417188
   -0.00431094]
  [-0.00333751 -0.00333751 -0.00292032 ... -0.002225   -0.00403282
   -0.00431094]]

 ...

 [[-0.00431094 -0.00458907 -0.00639688 ... -0.00528438 -0.00584063
   -0.00458907]
  [-0.00361563 -0.00305938 -0.00431094 ... -0.00417188 -0.0048672
   -0.0048672 ]
  [-0.00445001 -0.00347657 -0.00305938 ... -0.00236407 -0.0048672
   -0.00472813]
  ...
  [-0.00347657 -0.00458907 -0.00570157 ...  0.00027813  0.00139063
    0.00584063]
  [-0.00250313 -0.00389376 -0.00625782 ...  0.00083438  0.00292032
    0.00667501]
  [-0.00417188 -0.00333751 -0.00347657 ...  0.00278125  0.00584063
    0.00750939]]

 [[-0.00500626 -0.00542345 -0.00542345 ... -0.00445001 -0.00403282
   -0.00542345]
  [-0.00570157 -0.00528438 -0.00528438 ... -0.00570157 -0.00653595
   -0.00625782]
  [-0.00375469 -0.00389376 -0.00556251 ... -0.00542345 -0.0059797
   -0.00570157]
  ...
  [-0.00445001 -0.00333751 -0.0011125  ... -0.00027813  0.00125156
    0.0059797 ]
  [-0.00347657 -0.00292032 -0.00208594 ...  0.00083438  0.00292032
    0.00750939]
  [-0.00347657 -0.00333751 -0.00347657 ...  0.002225    0.00445001
    0.00723126]]

 [[-0.00333751 -0.00208594 -0.00194688 ... -0.00528438 -0.00208594
   -0.00361563]
  [-0.00431094 -0.00292032 -0.00236407 ... -0.00556251 -0.002225
   -0.00417188]
  [-0.00514532 -0.00500626 -0.00500626 ... -0.00514532 -0.00319844
   -0.00431094]
  ...
  [-0.00500626 -0.00458907 -0.00389376 ... -0.00194688  0.00278125
    0.0070922 ]
  [-0.0048672  -0.00389376 -0.00194688 ... -0.00027813  0.00305938
    0.00584063]
  [-0.0059797  -0.00500626 -0.00305938 ... -0.00041719  0.00250313
    0.00458907]]]"
17,1.0309716879253037,0.9144624020816265,3.0593530362435817,0.0007750276291337156,0.00068744235607804,0.002299852814673205,6565.0,123,77,44,"[[[-0.00015562 -0.00155618 -0.00295674 ... -0.00420168 -0.00046685
   -0.00140056]
  [-0.00202303 -0.00326797 -0.00326797 ... -0.00248988 -0.00202303
   -0.00124494]
  [-0.0017118  -0.00342359 -0.00357921 ... -0.00186741 -0.00311236
   -0.00217865]
  ...
  [ 0.00015562  0.00031124 -0.00015562 ... -0.00031124 -0.00015562
    0.00015562]
  [-0.00077809 -0.00031124  0.         ... -0.00062247 -0.00217865
    0.        ]
  [-0.00233427 -0.00093371  0.00046685 ... -0.00280112 -0.00420168
   -0.00046685]]

 [[-0.00031124 -0.00015562 -0.00031124 ... -0.00155618 -0.00077809
   -0.00233427]
  [-0.00108932 -0.00062247  0.00046685 ... -0.00031124  0.00031124
   -0.0026455 ]
  [-0.00155618 -0.00077809  0.00108932 ... -0.00233427 -0.00202303
   -0.00357921]
  ...
  [-0.00124494 -0.00077809  0.00015562 ... -0.0026455  -0.00015562
   -0.00124494]
  [-0.00124494 -0.00077809  0.00046685 ... -0.00155618 -0.00186741
   -0.00233427]
  [-0.00140056 -0.00108932  0.00031124 ... -0.00077809 -0.00233427
   -0.00280112]]

 [[-0.00186741 -0.0017118  -0.00202303 ... -0.00280112  0.00031124
   -0.00233427]
  [-0.00015562 -0.00108932 -0.00280112 ... -0.00357921 -0.00155618
   -0.00140056]
  [ 0.00155618 -0.00015562 -0.00248988 ... -0.0043573  -0.00342359
    0.00015562]
  ...
  [ 0.00046685 -0.00046685 -0.00186741 ... -0.00140056 -0.00108932
    0.00046685]
  [ 0.00046685 -0.00062247 -0.00217865 ... -0.00248988 -0.00155618
   -0.0026455 ]
  [-0.00031124 -0.00077809 -0.00186741 ... -0.00248988 -0.00108932
   -0.00233427]]

 ...

 [[-0.00077809 -0.00062247 -0.00108932 ... -0.0026455  -0.00202303
   -0.00140056]
  [-0.00124494 -0.00140056 -0.0017118  ... -0.00155618 -0.00217865
   -0.00186741]
  [-0.00311236 -0.00295674 -0.00140056 ... -0.00093371 -0.00389045
   -0.00155618]
  ...
  [-0.00108932 -0.00217865 -0.00186741 ... -0.00046685 -0.00311236
   -0.00295674]
  [-0.00202303 -0.00155618  0.         ... -0.00124494 -0.00357921
   -0.00015562]
  [-0.00108932 -0.00062247  0.00031124 ... -0.00108932 -0.00248988
   -0.00031124]]

 [[-0.00046685  0.00046685  0.         ... -0.00108932 -0.00093371
   -0.00202303]
  [-0.00077809  0.00015562  0.00077809 ...  0.00015562 -0.00093371
   -0.00186741]
  [-0.00062247  0.00015562  0.00077809 ...  0.         -0.00140056
   -0.00202303]
  ...
  [-0.00093371  0.          0.00062247 ...  0.00093371 -0.00202303
   -0.00233427]
  [-0.00015562  0.00077809  0.00108932 ...  0.00046685 -0.00155618
   -0.00280112]
  [-0.00108932 -0.00077809 -0.00015562 ... -0.00062247 -0.0017118
   -0.00202303]]

 [[-0.00124494 -0.00124494 -0.00186741 ...  0.00233427 -0.00295674
   -0.00015562]
  [ 0.00015562  0.         -0.00031124 ...  0.00155618 -0.00140056
    0.00046685]
  [ 0.00062247  0.00015562 -0.00077809 ...  0.00077809 -0.00233427
    0.00031124]
  ...
  [-0.00077809 -0.00124494 -0.0017118  ... -0.00046685 -0.00248988
   -0.00108932]
  [-0.00124494 -0.00140056 -0.00186741 ...  0.00062247 -0.00062247
   -0.00077809]
  [ 0.         -0.00062247 -0.00155618 ...  0.00093371  0.00046685
    0.00015562]]]"
18,1.0204557900740379,0.900994467128265,2.7037971663738674,0.0007694188734158294,0.0006793456081850618,0.002038650365983612,5400.0,87,101,103,"[[[ 7.55350399e-04  9.23206043e-04  2.43390684e-03 ...  8.39278221e-05
    5.87494755e-04  1.09106169e-03]
  [ 4.19639110e-04  5.87494755e-04  2.60176248e-03 ...  1.09106169e-03
    1.25891733e-03  1.59462862e-03]
  [-8.39278221e-05  5.87494755e-04  1.25891733e-03 ... -5.87494755e-04
   -1.42677298e-03 -1.25891733e-03]
  ...
  [-7.55350399e-04  1.93033991e-03  5.87494755e-04 ... -2.26605120e-03
   -1.25891733e-03  9.23206043e-04]
  [-5.87494755e-04  2.26605120e-03  5.87494755e-04 ... -7.55350399e-04
   -7.55350399e-04  5.87494755e-04]
  [-8.39278221e-05  1.42677298e-03  7.55350399e-04 ...  7.55350399e-04
   -8.39278221e-05  2.51783466e-04]]

 [[ 1.93033991e-03  1.59462862e-03  8.39278221e-05 ...  8.39278221e-05
    7.55350399e-04  1.59462862e-03]
  [ 1.59462862e-03  1.09106169e-03 -2.51783466e-04 ... -7.55350399e-04
    5.87494755e-04  1.76248426e-03]
  [ 1.93033991e-03  7.55350399e-04  7.55350399e-04 ... -4.19639110e-04
    1.42677298e-03  2.26605120e-03]
  ...
  [ 1.59462862e-03  4.19639110e-04  1.76248426e-03 ...  1.42677298e-03
    2.26605120e-03  1.93033991e-03]
  [-2.51783466e-04  1.25891733e-03 -2.51783466e-04 ...  9.23206043e-04
    2.93747377e-03  2.93747377e-03]
  [ 8.39278221e-05  9.23206043e-04  9.23206043e-04 ...  1.25891733e-03
    1.76248426e-03  1.42677298e-03]]

 [[ 1.25891733e-03  1.59462862e-03  7.55350399e-04 ...  7.55350399e-04
   -9.23206043e-04 -2.43390684e-03]
  [ 1.76248426e-03  5.87494755e-04 -8.39278221e-05 ... -1.59462862e-03
   -9.23206043e-04 -8.39278221e-05]
  [ 5.87494755e-04 -8.39278221e-05 -2.51783466e-04 ... -1.09106169e-03
   -2.51783466e-04  1.09106169e-03]
  ...
  [ 1.25891733e-03  2.09819555e-03  9.23206043e-04 ... -8.39278221e-05
    4.19639110e-04  5.87494755e-04]
  [ 2.76961813e-03  3.27318506e-03  9.23206043e-04 ... -7.55350399e-04
    4.19639110e-04  1.25891733e-03]
  [ 1.59462862e-03  1.76248426e-03  1.25891733e-03 ...  5.87494755e-04
    7.55350399e-04  5.87494755e-04]]

 ...

 [[-9.23206043e-04 -3.60889635e-03  4.19639110e-04 ... -2.51783466e-04
    1.42677298e-03  2.26605120e-03]
  [ 2.51783466e-04  2.51783466e-04  9.23206043e-04 ...  2.51783466e-04
    5.87494755e-04  1.09106169e-03]
  [ 1.42677298e-03  3.44104070e-03  1.25891733e-03 ...  4.19639110e-04
    8.39278221e-05  4.19639110e-04]
  ...
  [-8.39278221e-05 -1.76248426e-03  4.19639110e-04 ... -2.51783466e-04
    5.87494755e-04  1.25891733e-03]
  [ 4.19639110e-04 -1.09106169e-03  5.87494755e-04 ...  2.51783466e-04
   -9.23206043e-04 -1.25891733e-03]
  [-5.87494755e-04 -1.42677298e-03 -4.19639110e-04 ...  9.23206043e-04
    4.19639110e-04  2.51783466e-04]]

 [[ 2.43390684e-03  1.42677298e-03  9.23206043e-04 ...  5.87494755e-04
    4.19639110e-04  5.87494755e-04]
  [ 2.26605120e-03  5.62316408e-03  9.23206043e-04 ...  1.25891733e-03
    2.51783466e-04 -4.19639110e-04]
  [ 2.43390684e-03  4.78388586e-03  1.59462862e-03 ...  1.42677298e-03
    5.87494755e-04 -2.51783466e-04]
  ...
  [ 5.87494755e-04  4.19639110e-04  4.19639110e-04 ...  5.87494755e-04
    4.19639110e-04  2.51783466e-04]
  [ 2.51783466e-04  1.09106169e-03 -4.19639110e-04 ...  1.76248426e-03
    8.39278221e-05 -5.87494755e-04]
  [ 5.87494755e-04  2.26605120e-03 -7.55350399e-04 ...  3.77675199e-03
    8.39278221e-05 -2.09819555e-03]]

 [[ 9.23206043e-04 -1.42677298e-03 -9.23206043e-04 ... -9.23206043e-04
   -2.51783466e-04  5.87494755e-04]
  [ 4.19639110e-04 -1.09106169e-03  7.55350399e-04 ... -1.09106169e-03
   -8.39278221e-05  9.23206043e-04]
  [ 2.51783466e-04  7.55350399e-04  1.59462862e-03 ...  7.55350399e-04
   -7.55350399e-04 -1.59462862e-03]
  ...
  [-2.09819555e-03 -1.76248426e-03 -1.59462862e-03 ...  1.76248426e-03
    1.59462862e-03  1.59462862e-03]
  [-1.25891733e-03  8.39278221e-05 -1.09106169e-03 ...  1.25891733e-03
    5.87494755e-04 -4.19639110e-04]
  [-4.19639110e-04  5.87494755e-04 -7.55350399e-04 ...  2.51783466e-04
   -8.39278221e-05 -7.55350399e-04]]]"
